frame_idx,timestamp,A_forehead_R_raw,A_forehead_G_raw,A_forehead_B_raw,A_forehead_R_BPF,A_forehead_G_BPF,A_forehead_B_BPF,A_forehead_R_BPFSG,A_forehead_G_BPFSG,A_forehead_B_BPFSG,A_forehead_rPPG,B_cheek_R_raw,B_cheek_G_raw,B_cheek_B_raw,B_cheek_R_BPF,B_cheek_G_BPF,B_cheek_B_BPF,B_cheek_R_BPFSG,B_cheek_G_BPFSG,B_cheek_B_BPFSG,B_cheek_rPPG,C_combined_R_raw,C_combined_G_raw,C_combined_B_raw,C_combined_R_BPF,C_combined_G_BPF,C_combined_B_BPF,C_combined_R_BPFSG,C_combined_G_BPFSG,C_combined_B_BPFSG,C_combined_rPPG
0,1777725141.844173,150.341178,138.301350,127.976465,-0.214132,-0.223671,-0.319101,-0.501610,-0.487758,-0.577799,0.020536,129.468484,130.478958,119.365035,-0.160866,0.058779,0.232363,-0.417187,-0.166863,0.040259,-0.108691,136.426048,133.086422,122.235512,-0.178621,-0.035371,0.048542,-0.445328,-0.273828,-0.165760,-0.084548
1,1777725141.985049,149.679888,138.054477,128.496215,-0.516515,-0.510389,-0.598566,-0.534931,-0.514808,-0.607308,0.021146,129.403133,130.429644,119.647571,-0.440850,-0.208348,-0.013856,-0.439800,-0.211600,-0.012118,-0.105625,136.162051,132.971255,122.597119,-0.466072,-0.309028,-0.208760,-0.471510,-0.312669,-0.210514,-0.085833
2,1777725142.113169,148.929683,137.571429,127.462698,-0.738946,-0.694209,-0.777740,-0.624960,-0.589762,-0.685074,0.022649,129.151064,131.560065,120.908099,-0.593925,-0.372271,-0.169228,-0.498882,-0.324401,-0.146590,-0.096854,135.743937,133.563853,123.092965,-0.642265,-0.479584,-0.372065,-0.540908,-0.412855,-0.326085,-0.089169
3,1777725142.235239,149.096960,137.829120,128.173760,-0.823956,-0.759752,-0.843210,-0.734102,-0.686758,-0.772900,0.024147,129.362811,130.217093,119.651743,-0.633672,-0.501979,-0.335032,-0.565733,-0.451066,-0.307677,-0.083160,135.940860,132.754435,122.492415,-0.697100,-0.587903,-0.504425,-0.621856,-0.529630,-0.462751,-0.092654
4,1777725142.367230,149.737515,138.235275,127.980753,-0.791759,-0.739714,-0.816052,-0.794638,-0.752535,-0.806913,0.024420,129.333302,129.735417,118.437476,-0.590515,-0.561450,-0.468275,-0.589062,-0.518713,-0.420918,-0.064234,136.134706,132.568703,121.618569,-0.657596,-0.620871,-0.584201,-0.657587,-0.596654,-0.549583,-0.091954
5,1777725142.450624,149.737515,138.235275,127.980753,-0.703646,-0.686355,-0.718651,-0.721288,-0.706128,-0.707160,0.022352,129.333302,129.735417,118.437476,-0.493170,-0.503563,-0.481193,-0.493747,-0.443812,-0.399685,-0.036820,136.134706,132.568703,121.618569,-0.563329,-0.564494,-0.560346,-0.569594,-0.531251,-0.502177,-0.078813
6,1777725142.521211,149.817488,138.173552,128.374647,-0.591031,-0.621856,-0.565236,-0.598258,-0.626897,-0.563978,0.017618,129.527926,129.577869,118.014773,-0.368183,-0.339916,-0.359025,-0.374654,-0.327191,-0.331780,-0.009989,136.291113,132.443097,121.468065,-0.442466,-0.433896,-0.427762,-0.449189,-0.427093,-0.409180,-0.061229
7,1777725142.583974,149.847268,138.061718,128.803160,-0.462178,-0.543247,-0.402689,-0.453895,-0.531742,-0.415775,0.010767,129.585095,131.199110,119.994624,-0.249418,-0.150792,-0.186091,-0.261371,-0.213256,-0.253183,0.013244,136.339152,133.486646,122.930802,-0.320338,-0.281610,-0.258290,-0.325546,-0.319418,-0.307381,-0.039441
8,1777725142.646919,149.847268,138.061718,128.803160,-0.319858,-0.441786,-0.275391,-0.310296,-0.432279,-0.298170,0.003190,129.585095,131.199110,119.994624,-0.163067,-0.078085,-0.131098,-0.176837,-0.149152,-0.211424,0.030522,136.339152,133.486646,122.930802,-0.215330,-0.199319,-0.179196,-0.221323,-0.243528,-0.240339,-0.013959
9,1777725142.709564,150.305957,138.544384,129.222333,-0.176374,-0.328895,-0.209521,-0.187476,-0.337629,-0.238038,-0.003616,129.578059,129.726458,118.145921,-0.123419,-0.154817,-0.236887,-0.137263,-0.168413,-0.249681,0.040526,136.487358,132.665767,121.838058,-0.141070,-0.212843,-0.227765,-0.154001,-0.224818,-0.245800,0.013626
10,1777725142.773613,150.666392,138.670836,128.985352,-0.069884,-0.238848,-0.218777,-0.103840,-0.257789,-0.243348,-0.009061,129.382971,129.522412,118.022318,-0.133041,-0.291834,-0.400152,-0.147078,-0.274762,-0.381568,0.043392,136.477445,132.571887,121.676663,-0.111988,-0.274172,-0.339694,-0.132665,-0.269104,-0.335495,0.040609
11,1777725142.837071,150.666392,138.670836,128.985352,-0.032736,-0.190265,-0.289873,-0.063244,-0.200564,-0.295379,-0.014054,129.382971,129.522412,118.022318,-0.185519,-0.442281,-0.575624,-0.193349,-0.434551,-0.574279,0.040800,136.477445,132.571887,121.676663,-0.134592,-0.358276,-0.480374,-0.149981,-0.356555,-0.481312,0.063673
12,1777725142.900062,150.337647,138.522316,128.443172,-0.053955,-0.171934,-0.380426,-0.049011,-0.167887,-0.360173,-0.020865,128.961018,129.253336,117.782787,-0.264446,-0.606926,-0.776493,-0.254781,-0.603521,-0.777682,0.035573,136.086561,132.342996,121.336249,-0.194283,-0.461929,-0.644471,-0.186191,-0.458309,-0.638512,0.079638
13,1777725142.963413,149.910735,138.656048,128.565455,-0.080952,-0.165402,-0.438938,-0.039168,-0.157799,-0.407761,-0.032348,128.717118,128.748189,116.898208,-0.334593,-0.762720,-0.975559,-0.314896,-0.760939,-0.968482,0.030758,135.781657,132.050809,120.787291,-0.250046,-0.563614,-0.796685,-0.222987,-0.559892,-0.781575,0.086262
14,1777725143.025865,149.910735,138.656048,128.565455,-0.057096,-0.160699,-0.435782,-0.022743,-0.165383,-0.423182,-0.051628,128.717118,128.748189,116.898208,-0.365451,-0.874181,-1.117240,-0.360798,-0.890374,-1.130050,0.028669,135.781657,132.050809,120.787291,-0.262666,-0.636354,-0.890087,-0.248113,-0.648710,-0.894427,0.082677
15,1777725143.276789,150.703833,139.045960,129.319230,0.018255,-0.161033,-0.381755,0.001784,-0.179694,-0.399883,-0.076243,129.308902,129.659931,118.105509,-0.370014,-0.961689,-1.223647,-0.380178,-0.966309,-1.233280,0.030605,136.440546,132.788608,121.843416,-0.240591,-0.694804,-0.943016,-0.252858,-0.704104,-0.955481,0.069124
16,1777725143.651325,151.475410,139.053620,129.513149,0.073822,-0.177715,-0.315404,0.030988,-0.185237,-0.333418,-0.094917,128.754773,127.022854,115.069817,-0.369466,-0.996730,-1.276438,-0.367779,-0.962229,-1.246101,0.037969,136.328319,131.033110,119.884261,-0.221703,-0.723725,-0.956093,-0.234856,-0.703232,-0.941873,0.043407
17,1777725143.749886,150.620043,138.452962,129.163099,0.069955,-0.185482,-0.240564,0.057301,-0.166237,-0.225839,-0.098254,128.683092,129.087686,117.326344,-0.339213,-0.892716,-1.179503,-0.325820,-0.855282,-1.139915,0.048973,135.995409,132.209444,121.271929,-0.202824,-0.656971,-0.866523,-0.198113,-0.625600,-0.835223,0.003774
18,1777725143.905922,150.455782,138.737349,128.990874,0.060127,-0.132681,-0.106793,0.079763,-0.106349,-0.078559,-0.084551,129.100457,128.459302,116.445101,-0.263861,-0.672493,-0.945989,-0.256038,-0.639205,-0.902409,0.056200,136.218899,131.885318,120.627025,-0.155865,-0.492556,-0.666257,-0.144104,-0.461586,-0.627792,-0.042445
19,1777725144.039538,150.715779,139.050937,130.094408,0.091102,-0.010456,0.097666,0.114608,0.008920,0.112756,-0.057142,129.139821,128.866946,117.032882,-0.165426,-0.368451,-0.601918,-0.159853,-0.338534,-0.556054,0.054109,136.331807,132.261610,121.386724,-0.079917,-0.249120,-0.368723,-0.068366,-0.222716,-0.333118,-0.083333
20,1777725144.196705,150.794931,139.316820,130.065504,0.159709,0.157122,0.326487,0.180902,0.174799,0.338461,-0.023069,129.139160,129.705364,117.698331,-0.053806,-0.003869,-0.165470,-0.048687,-0.017035,-0.172774,0.042886,136.357750,132.909183,121.820722,0.017366,0.049795,-0.001484,0.027843,0.046910,-0.002362,-0.109957
21,1777725144.350619,150.753127,139.392528,130.203752,0.263125,0.353868,0.561189,0.274151,0.357245,0.562216,0.008517,129.561364,131.008621,119.726826,0.063144,0.314799,0.240499,0.054094,0.249209,0.157612,0.025904,136.625285,133.803256,123.219135,0.129804,0.327822,0.347395,0.127446,0.285221,0.292480,-0.117230
22,1777725144.470615,151.480744,140.385780,131.369816,0.384065,0.544237,0.772643,0.366634,0.512521,0.739507,0.028804,129.896088,130.920931,119.605673,0.152244,0.483531,0.471909,0.129435,0.414572,0.381437,0.008397,137.090973,134.075880,123.527054,0.229517,0.503766,0.572154,0.208501,0.447221,0.500794,-0.104431
23,1777725144.610326,151.823404,140.771725,131.645161,0.466134,0.653454,0.881040,0.433469,0.611217,0.840460,0.036371,129.741560,130.469336,118.966523,0.189258,0.495769,0.510889,0.172837,0.473363,0.489647,-0.003719,137.102175,133.903466,123.192736,0.281550,0.548331,0.634273,0.259714,0.519314,0.606585,-0.075732
24,1777725144.808402,151.412975,140.035341,130.895139,0.478151,0.655728,0.867364,0.464731,0.642615,0.854222,0.037678,129.719501,130.065478,118.287457,0.183580,0.419718,0.456516,0.187004,0.450962,0.503680,-0.005567,136.950659,133.388766,122.490018,0.281770,0.498388,0.593466,0.279580,0.514847,0.620528,-0.041182
25,1777725144.969233,151.263825,140.110270,131.007571,0.445636,0.596322,0.783842,0.458626,0.609113,0.786635,0.036744,129.332802,129.520349,118.005814,0.165449,0.337197,0.414075,0.179388,0.385740,0.463331,0.001108,136.643143,133.050323,122.339733,0.258845,0.423572,0.537330,0.272467,0.460197,0.571099,-0.009880
26,1777725145.063089,151.019413,139.775676,131.044467,0.403602,0.514412,0.656386,0.422585,0.529408,0.665897,0.033667,129.719977,129.794034,118.707396,0.157865,0.306469,0.423448,0.164704,0.311949,0.414843,0.007209,136.819789,133.121248,122.819753,0.239777,0.375783,0.501094,0.250664,0.384435,0.498528,0.017491
27,1777725145.197141,151.404213,140.143022,130.474984,0.359289,0.420914,0.502900,0.366177,0.428854,0.528205,0.028987,129.738228,131.167964,119.686040,0.153393,0.289554,0.426157,0.156329,0.260165,0.400151,0.004741,136.960223,134.159650,123.282355,0.222025,0.333341,0.451738,0.226278,0.316395,0.442836,0.042731
28,1777725145.266979,151.278414,139.818483,130.604115,0.293933,0.312684,0.358375,0.284224,0.316091,0.384317,0.024132,129.677945,129.844834,118.217118,0.144904,0.234449,0.393300,0.154655,0.254906,0.440749,-0.016635,136.878101,133.169384,122.346117,0.194581,0.260527,0.381658,0.197845,0.275301,0.421938,0.062717
29,1777725145.367296,151.278414,139.818483,130.604115,0.196310,0.196733,0.230450,0.167426,0.187400,0.223444,0.020258,129.677945,129.844834,118.217118,0.140870,0.193877,0.406012,0.149419,0.287182,0.518502,-0.065475,136.878101,133.169384,122.346117,0.159350,0.194829,0.347492,0.155421,0.253921,0.420149,0.070710
30,1777725145.603574,151.742824,140.410652,131.597478,0.046739,0.058548,0.072755,0.020624,0.042778,0.036218,0.017524,130.171750,129.505719,118.759531,0.129545,0.232358,0.504599,0.124354,0.289070,0.554732,-0.131069,137.362108,133.140696,123.038847,0.101943,0.174421,0.360651,0.089778,0.206973,0.381894,0.063855
31,1777725145.756026,150.436349,139.362540,130.640952,-0.148871,-0.112464,-0.158573,-0.137533,-0.112527,-0.185003,0.015563,130.183892,132.539141,121.676317,0.078258,0.267854,0.548719,0.059142,0.168794,0.430816,-0.191433,136.934711,134.813608,124.664529,0.002548,0.141081,0.312955,-0.006416,0.075020,0.225543,0.045343
32,1777725145.930353,150.304444,139.681429,130.496190,-0.315930,-0.279357,-0.431272,-0.283083,-0.271706,-0.441482,0.013762,130.084686,132.950758,121.847673,-0.024763,0.082159,0.305475,-0.058145,-0.123170,0.065485,-0.228011,136.824606,135.194315,124.730512,-0.121818,-0.038346,0.059893,-0.133125,-0.172682,-0.103504,0.021079
33,1777725146.091141,150.463651,139.366349,130.265556,-0.410541,-0.420862,-0.696108,-0.393702,-0.423591,-0.706101,0.011454,130.640783,132.939755,122.828914,-0.188608,-0.456861,-0.371578,-0.220354,-0.577164,-0.538236,-0.228213,137.248405,135.081953,125.307795,-0.262586,-0.444862,-0.479755,-0.278137,-0.525973,-0.594191,-0.001852
34,1777725146.168255,150.651810,139.722336,130.202015,-0.452188,-0.541864,-0.929735,-0.452361,-0.547706,-0.920830,0.008088,129.386114,127.903857,116.506075,-0.398689,-1.169665,-1.318680,-0.396153,-1.108859,-1.268194,-0.187148,136.474679,131.843350,121.071388,-0.416522,-0.960398,-1.189031,-0.414889,-0.921808,-1.152406,-0.016594
35,1777725146.229769,150.526598,139.118434,129.220977,-0.460246,-0.635912,-1.080981,-0.459090,-0.626155,-1.030915,0.004224,129.263259,128.516201,116.440501,-0.572495,-1.696866,-2.093413,-0.537435,-1.553249,-1.912722,-0.108970,136.351039,132.050278,120.700660,-0.535078,-1.343214,-1.755936,-0.511320,-1.244218,-1.618787,-0.018101
36,1777725146.293201,150.526598,139.118434,129.220977,-0.435050,-0.670560,-1.070045,-0.431883,-0.650474,-1.013454,0.001845,129.263259,128.516201,116.440501,-0.646224,-1.877473,-2.436687,-0.601664,-1.738118,-2.253946,-0.003059,136.351039,132.050278,120.700660,-0.575833,-1.475168,-1.981140,-0.545071,-1.375570,-1.840449,-0.005981
37,1777725146.355853,150.860021,139.394112,130.187328,-0.384263,-0.629208,-0.885691,-0.388727,-0.616371,-0.872172,0.003394,129.099020,127.668725,115.800588,-0.598072,-1.675697,-2.291535,-0.565998,-1.577550,-2.170672,0.115643,136.352687,131.577188,120.596168,-0.526802,-1.326867,-1.822920,-0.506908,-1.257157,-1.737839,0.013214
38,1777725146.419295,150.886345,139.623693,130.927825,-0.330461,-0.532161,-0.609732,-0.341420,-0.529485,-0.631458,0.009823,130.168986,131.334922,119.744758,-0.441766,-1.131983,-1.717712,-0.438987,-1.121339,-1.704231,0.221310,137.074772,134.097846,123.472447,-0.404664,-0.932042,-1.348385,-0.406465,-0.924054,-1.346640,0.029701
39,1777725146.481628,150.886345,139.623693,130.927825,-0.282670,-0.395242,-0.312327,-0.298991,-0.407334,-0.336752,0.018923,130.168986,131.334922,119.744758,-0.233825,-0.445345,-0.934196,-0.255226,-0.502447,-1.004970,0.287915,137.074772,134.097846,123.472447,-0.250107,-0.428644,-0.726906,-0.269814,-0.470743,-0.782231,0.036992
40,1777725146.544750,151.118571,140.398095,131.385556,-0.242866,-0.241235,-0.015507,-0.259772,-0.267062,-0.035854,0.027572,130.958604,133.451299,122.746573,-0.025007,0.214067,-0.143107,-0.050260,0.145834,-0.226801,0.302219,137.678593,135.766898,125.626234,-0.097627,0.062300,-0.100573,-0.120097,0.008202,-0.163152,0.033448
41,1777725146.623478,150.737937,140.021429,131.568413,-0.204587,-0.096607,0.264472,-0.201753,-0.107911,0.250047,0.033837,130.645112,133.092082,121.691288,0.156685,0.747947,0.530880,0.149301,0.703212,0.494134,0.264672,137.342720,135.401864,124.983663,0.036261,0.466429,0.442078,0.032283,0.432837,0.412772,0.020816
42,1777725146.702946,150.737937,140.021429,131.568413,-0.137805,0.055100,0.521729,-0.098686,0.084110,0.532454,0.036699,130.645112,133.092082,121.691288,0.323446,1.148155,1.111796,0.330184,1.101819,1.079735,0.187807,137.342720,135.401864,124.983663,0.169696,0.783803,0.915107,0.187227,0.762583,0.897308,0.003255
43,1777725146.781752,150.109069,139.622549,131.320619,0.005222,0.259157,0.780769,0.056687,0.311752,0.825782,0.036000,131.091117,134.907303,124.682672,0.487865,1.403047,1.585432,0.493168,1.356644,1.539252,0.094751,137.430434,136.479052,126.895321,0.326984,1.021751,1.317211,0.347674,1.008347,1.301428,-0.013495
44,1777725146.860614,151.371840,140.372160,131.692960,0.234922,0.533065,1.064434,0.248674,0.557993,1.111747,0.032469,130.979514,132.618928,121.661568,0.637264,1.501109,1.896332,0.642928,1.521004,1.919299,0.017161,137.776956,135.203339,125.005366,0.503150,1.178427,1.619033,0.511510,1.200001,1.650115,-0.023160
45,1777725147.142915,151.961280,141.372160,132.093440,0.470934,0.814051,1.353031,0.442104,0.788244,1.345895,0.027650,131.268539,132.678717,122.487764,0.765505,1.569274,2.167013,0.775744,1.646642,2.252823,-0.027493,138.166119,135.576531,125.689656,0.667315,1.317533,1.895686,0.664531,1.360509,1.950514,-0.024193
46,1777725147.353066,152.121280,141.691360,133.815840,0.626944,1.000923,1.548119,0.585971,0.952403,1.478955,0.021700,131.177976,132.743048,122.297831,0.867393,1.703482,2.484056,0.872778,1.766837,2.543206,-0.050210,138.159077,135.725819,126.137167,0.787244,1.469296,2.172077,0.777176,1.495359,2.188456,-0.021301
47,1777725147.547901,152.166190,141.549841,133.363492,0.674212,1.045362,1.526699,0.634897,1.003390,1.461262,0.012122,131.693543,134.058622,124.635191,0.924274,1.858318,2.762926,0.907942,1.876263,2.760820,-0.064021,138.517759,136.555695,127.544625,0.840920,1.587333,2.350851,0.816927,1.585305,2.327634,-0.017856
48,1777725147.659889,152.008800,141.372960,131.980320,0.613362,0.954334,1.301880,0.582599,0.927339,1.271472,-0.005327,131.778365,133.624212,123.524472,0.898361,1.948804,2.881631,0.862366,1.916952,2.830492,-0.072887,138.521843,136.207128,126.343088,0.803361,1.617314,2.355047,0.769110,1.587081,2.310818,-0.014116
49,1777725147.781954,151.914173,141.112598,132.686929,0.459620,0.753194,0.951085,0.464079,0.754325,0.943093,-0.032088,131.575667,134.565386,124.681548,0.767036,1.909740,2.778006,0.736170,1.820241,2.672125,-0.080506,138.355169,136.747790,127.350008,0.664564,1.524225,2.169032,0.645473,1.464936,2.095781,-0.008530
50,1777725147.918126,150.296109,140.058824,131.065411,0.283479,0.499143,0.513418,0.328286,0.533710,0.547378,-0.061357,131.191977,135.460323,125.444698,0.546580,1.631919,2.351254,0.550241,1.557994,2.263412,-0.089266,137.560021,136.993157,127.318269,0.458880,1.254327,1.738642,0.476256,1.216566,1.691400,0.001153
51,1777725148.073461,151.228480,140.071680,130.030560,0.168256,0.267060,0.094192,0.211859,0.304399,0.154297,-0.083481,130.136541,131.675102,121.056081,0.297426,1.120355,1.620870,0.334132,1.141175,1.640385,-0.098138,137.167187,134.473961,124.047574,0.254369,0.835923,1.111977,0.293374,0.862250,1.145022,0.013751
52,1777725148.213034,150.868480,140.116480,130.788480,0.112221,0.078865,-0.228136,0.126560,0.085712,-0.204751,-0.092391,130.398591,131.981646,121.207824,0.084332,0.564322,0.817501,0.109273,0.599038,0.863192,-0.104248,137.221887,134.693258,124.401376,0.093628,0.402503,0.468956,0.115035,0.427929,0.507211,0.025668
53,1777725148.406494,151.434496,140.551843,130.698980,0.079033,-0.100783,-0.496836,0.060768,-0.122027,-0.525165,-0.085785,130.338154,132.205043,120.792455,-0.089451,0.024794,0.042855,-0.110452,-0.013926,0.014822,-0.105062,137.370268,134.987310,124.094630,-0.033289,-0.017065,-0.137042,-0.053379,-0.049960,-0.165173,0.033821
54,1777725148.529435,151.675129,139.874067,130.600796,0.022565,-0.297354,-0.758288,-0.014319,-0.328137,-0.803969,-0.065330,130.821769,131.327392,120.231319,-0.265674,-0.542192,-0.723947,-0.306679,-0.595467,-0.773947,-0.098651,137.772889,134.176284,123.687812,-0.169594,-0.460580,-0.735394,-0.209226,-0.506357,-0.783954,0.036170
55,1777725148.670405,151.272712,140.256583,130.360599,-0.090115,-0.507534,-1.019750,-0.121132,-0.533261,-1.042929,-0.036740,129.870874,130.083177,118.379782,-0.461593,-1.085653,-1.427864,-0.461165,-1.042985,-1.377733,-0.083886,137.004820,133.474312,122.373388,-0.337767,-0.892947,-1.291826,-0.347821,-0.873077,-1.266131,0.032076
56,1777725148.845542,151.052766,139.181523,128.820697,-0.239645,-0.709505,-1.226480,-0.249054,-0.708427,-1.214335,-0.009663,128.751591,127.396914,115.572517,-0.603324,-1.434907,-1.879562,-0.556495,-1.300446,-1.728286,-0.060628,136.185316,131.325117,119.988577,-0.482098,-1.193106,-1.661868,-0.454015,-1.103106,-1.556969,0.022738
57,1777725149.011702,150.552191,138.966711,129.539478,-0.385090,-0.842714,-1.300929,-0.363488,-0.801396,-1.251241,0.008906,129.322469,128.439344,116.537608,-0.612397,-1.434198,-1.907178,-0.571379,-1.336703,-1.791889,-0.029923,136.399043,131.948467,120.871565,-0.536628,-1.237037,-1.705095,-0.502082,-1.158268,-1.611673,0.012070
58,1777725149.107122,150.102560,138.508160,128.311360,-0.472275,-0.844262,-1.205899,-0.429787,-0.777431,-1.114511,0.018642,129.504449,129.969318,118.186967,-0.510319,-1.159037,-1.596507,-0.494828,-1.157632,-1.584315,0.008058,136.370486,132.815599,121.561765,-0.497638,-1.054112,-1.466304,-0.473147,-1.030898,-1.427714,0.005342
59,1777725149.215713,150.102560,138.508160,128.311360,-0.455620,-0.678655,-0.885401,-0.427621,-0.638271,-0.823715,0.019665,129.504449,129.969318,118.186967,-0.343457,-0.795603,-1.153816,-0.343891,-0.834654,-1.196315,0.054392,136.370486,132.815599,121.561765,-0.380845,-0.756621,-1.064344,-0.371801,-0.769193,-1.072115,0.001378
60,1777725149.459441,150.977123,140.143515,131.043779,-0.354109,-0.391378,-0.396734,-0.359081,-0.414315,-0.439332,0.012470,130.058491,130.273359,118.974509,-0.149361,-0.443739,-0.712903,-0.165793,-0.485080,-0.772691,0.104613,137.031368,133.563411,122.997599,-0.217610,-0.426285,-0.607513,-0.230223,-0.461492,-0.661571,-0.009042
61,1777725149.642678,150.828640,140.364480,131.624960,-0.227774,-0.108968,0.042651,-0.245384,-0.156111,-0.040469,0.000110,130.176122,130.777716,119.327215,0.018639,-0.171661,-0.381251,-0.010630,-0.217688,-0.448880,0.146073,137.060294,133.973304,123.426464,-0.063499,-0.150763,-0.239950,-0.088882,-0.197162,-0.312743,-0.029992
62,1777725149.807387,150.821600,139.963200,130.334240,-0.098216,0.109531,0.341970,-0.112276,0.083911,0.302136,-0.013791,130.192343,130.547738,118.852058,0.123968,-0.041095,-0.225787,0.096659,-0.082808,-0.283468,0.165122,137.068762,133.686225,122.679452,0.049907,0.009114,-0.036534,0.027014,-0.027235,-0.088267,-0.058132
63,1777725149.978342,151.245885,140.270408,131.246050,0.025466,0.277066,0.545522,0.020511,0.270480,0.541489,-0.025789,130.028921,130.115221,118.799407,0.160855,-0.056156,-0.246330,0.151606,-0.079318,-0.267366,0.153748,137.101242,133.500283,122.948288,0.115725,0.054918,0.017621,0.107908,0.037281,0.002252,-0.092825
64,1777725150.064794,150.579040,139.974240,130.427840,0.138131,0.400473,0.669378,0.145996,0.400789,0.674238,-0.033189,129.510753,129.952725,117.463756,0.153632,-0.185546,-0.391004,0.161574,-0.192668,-0.374647,0.111863,136.533515,133.293230,121.785117,0.148465,0.009794,-0.037543,0.156382,0.005151,-0.025019,-0.134286
65,1777725150.198034,150.964327,140.135059,130.637631,0.259637,0.487366,0.736216,0.267134,0.493821,0.737427,-0.034639,129.523923,129.008101,117.223313,0.139492,-0.378460,-0.565326,0.146264,-0.387288,-0.560768,0.047487,136.670724,132.717087,121.694752,0.179540,-0.089851,-0.131479,0.186554,-0.093585,-0.128036,-0.178137
66,1777725150.261275,151.157670,139.788512,130.609118,0.379398,0.550584,0.762504,0.381414,0.560538,0.764288,-0.031378,129.556358,129.407539,117.719617,0.128873,-0.582725,-0.729683,0.130871,-0.593185,-0.750412,-0.024831,136.756795,132.867864,122.016118,0.212381,-0.204955,-0.232288,0.214385,-0.208611,-0.245512,-0.215506
67,1777725150.325512,150.818137,139.945853,130.256090,0.480226,0.602117,0.752606,0.479613,0.602578,0.768186,-0.025945,129.288072,128.892067,117.394692,0.121552,-0.778420,-0.902916,0.133856,-0.740618,-0.874544,-0.089096,136.464760,132.576662,121.681825,0.241110,-0.318241,-0.351075,0.249108,-0.292886,-0.326967,-0.239543
68,1777725150.403440,151.256887,140.226584,129.906336,0.559853,0.628212,0.737990,0.550874,0.620333,0.754359,-0.018921,128.963294,126.780456,114.707143,0.139019,-0.867696,-0.982189,0.159781,-0.786340,-0.899690,-0.137137,136.394491,131.262499,119.773541,0.279297,-0.369060,-0.408796,0.290145,-0.317449,-0.348340,-0.247422
69,1777725150.464666,151.143680,139.622284,130.383641,0.596447,0.616372,0.726828,0.586237,0.614187,0.724162,-0.009495,129.350056,129.128376,117.537978,0.190598,-0.762801,-0.859995,0.200792,-0.722762,-0.825886,-0.166650,136.614598,132.626345,121.819866,0.325881,-0.303077,-0.331054,0.329274,-0.277112,-0.309203,-0.229150
70,1777725150.527801,150.892152,139.870582,130.286710,0.581963,0.579001,0.683447,0.582936,0.582903,0.675656,0.003093,129.384293,129.000667,117.466069,0.247571,-0.547877,-0.632989,0.242564,-0.566423,-0.658698,-0.170631,136.553579,132.623972,121.739616,0.359035,-0.172251,-0.194177,0.356021,-0.183315,-0.213913,-0.170712
71,1777725150.604885,150.695030,139.430217,129.715602,0.533153,0.520203,0.596269,0.538874,0.523061,0.598657,0.022371,129.471962,129.850338,117.887191,0.277591,-0.322118,-0.402096,0.265208,-0.347811,-0.411250,-0.136491,136.546318,133.043631,121.829994,0.362778,-0.041344,-0.069308,0.356430,-0.057520,-0.074614,-0.048543
72,1777725150.667939,150.695030,139.430217,129.715602,0.457679,0.443612,0.483992,0.452471,0.436897,0.478204,0.051398,129.471962,129.850338,117.887191,0.259191,-0.132406,-0.180717,0.244909,-0.132666,-0.149234,-0.061656,136.546318,133.043631,121.829994,0.325354,0.059600,0.040852,0.314096,0.057189,0.059912,0.147990
73,1777725150.746721,150.712640,139.520244,129.907834,0.343622,0.339659,0.331221,0.327012,0.329253,0.307908,0.084426,129.284321,129.240154,117.415885,0.181351,0.025080,0.050050,0.165320,0.014303,0.047044,0.032317,136.427094,132.666850,121.579868,0.235442,0.129940,0.143774,0.219218,0.119287,0.133999,0.367443
74,1777725150.824995,150.216032,138.743175,129.163333,0.186964,0.205207,0.119639,0.171037,0.204710,0.096692,0.111073,129.252165,131.579095,120.748106,0.043869,0.124754,0.223327,0.026895,0.075008,0.142363,0.115972,136.240120,133.967121,123.553182,0.091567,0.151571,0.188764,0.074942,0.118242,0.127139,0.535918
75,1777725151.106339,150.036960,138.743840,128.812480,0.007149,0.066415,-0.123917,0.003478,0.071444,-0.131914,0.123521,128.819244,130.255562,119.166574,-0.143155,0.084691,0.194492,-0.154813,0.051887,0.123839,0.168479,135.891816,133.084988,122.381876,-0.093053,0.078599,0.088356,-0.102049,0.058406,0.038588,0.607323
76,1777725151.405023,149.432480,138.427520,128.261120,-0.166200,-0.065093,-0.360085,-0.146113,-0.060327,-0.341696,0.117501,128.563126,129.731461,118.460790,-0.351806,-0.046668,0.006306,-0.352830,-0.046895,-0.007966,0.177283,135.519577,132.630147,121.727567,-0.289938,-0.052810,-0.115824,-0.283924,-0.051372,-0.119209,0.563768
77,1777725151.501593,148.973810,138.110000,127.419365,-0.289914,-0.183442,-0.538248,-0.251146,-0.177038,-0.492186,0.093026,128.005501,130.208333,118.538781,-0.540137,-0.181051,-0.210646,-0.529093,-0.191844,-0.212632,0.143982,134.994937,132.842222,121.498975,-0.456729,-0.181848,-0.319847,-0.436444,-0.186909,-0.305817,0.417359
78,1777725151.596187,148.973810,138.110000,127.419365,-0.332634,-0.282613,-0.609067,-0.303628,-0.271557,-0.563650,0.055120,128.005501,130.208333,118.538781,-0.668970,-0.312456,-0.409136,-0.643245,-0.317942,-0.395387,0.087404,134.994937,132.842222,121.498975,-0.556858,-0.302508,-0.475780,-0.530039,-0.302480,-0.451475,0.210514
79,1777725151.703184,149.359520,137.642240,127.629440,-0.314828,-0.361747,-0.579520,-0.319620,-0.352961,-0.573307,0.014775,127.505376,129.105488,117.172506,-0.708184,-0.396139,-0.514709,-0.671146,-0.346054,-0.443370,0.034639,134.790091,131.951072,120.658151,-0.577066,-0.384675,-0.536313,-0.553970,-0.348357,-0.486683,0.020011
80,1777725151.824455,149.624753,137.897301,128.236504,-0.295826,-0.422298,-0.514182,-0.330185,-0.436102,-0.557570,-0.017847,127.732481,129.001112,117.425751,-0.635634,-0.326611,-0.410327,-0.612921,-0.235450,-0.301160,0.001416,135.029905,131.966509,121.029335,-0.522365,-0.358507,-0.444945,-0.518676,-0.302334,-0.386630,-0.093220
81,1777725151.964714,149.449144,138.052337,128.299045,-0.322237,-0.494924,-0.490911,-0.360265,-0.526699,-0.544938,-0.041046,128.463941,129.686411,117.963941,-0.479278,-0.059897,-0.058119,-0.488265,-0.002161,0.005791,-0.017079,135.459009,132.475053,121.408976,-0.426931,-0.204906,-0.202383,-0.445598,-0.177007,-0.177785,-0.137469
82,1777725152.089087,149.361746,137.625079,127.809524,-0.404757,-0.604832,-0.538463,-0.415488,-0.617410,-0.546427,-0.056072,128.623557,130.907648,119.790133,-0.306408,0.333844,0.451848,-0.329000,0.301379,0.407221,-0.028252,135.536287,133.146792,122.463264,-0.339191,0.020952,0.121744,-0.357830,-0.004884,0.089338,-0.141407
83,1777725152.216291,148.391544,136.960938,126.620558,-0.509381,-0.719247,-0.596558,-0.484741,-0.697373,-0.556479,-0.063157,128.556882,132.280372,121.278880,-0.150611,0.709607,0.935604,-0.167445,0.614547,0.826422,-0.034036,135.168436,133.840561,123.059439,-0.270201,0.233322,0.424883,-0.273211,0.177240,0.365455,-0.121054
84,1777725152.307654,148.389246,136.678768,127.119638,-0.573368,-0.777012,-0.591452,-0.550369,-0.754612,-0.561623,-0.063291,128.796875,132.311534,121.127633,-0.017285,0.938427,1.243270,-0.024649,0.890800,1.200751,-0.036471,135.327665,133.767279,123.124968,-0.202646,0.366614,0.631696,-0.199889,0.342329,0.613293,-0.092852
85,1777725152.438512,148.940000,137.416320,127.498720,-0.588678,-0.768539,-0.537955,-0.598744,-0.772846,-0.551862,-0.058065,128.654894,130.262607,118.838154,0.089704,1.054607,1.428171,0.094445,1.109476,1.494506,-0.037477,135.416596,132.647178,121.725009,-0.136424,0.446891,0.772796,-0.136618,0.482035,0.812384,-0.071538
86,1777725152.520638,148.669048,137.066984,127.543810,-0.589171,-0.728131,-0.487717,-0.614574,-0.738135,-0.522089,-0.049312,128.544553,131.127706,120.411436,0.182512,1.181115,1.611439,0.193382,1.256771,1.680025,-0.038744,135.252718,133.107465,122.788894,-0.074716,0.544699,0.911721,-0.075937,0.591802,0.945987,-0.067719
87,1777725152.667364,148.815079,137.000476,127.560000,-0.581016,-0.654587,-0.459439,-0.581597,-0.646811,-0.473204,-0.039295,128.867154,131.473395,120.543651,0.269004,1.318320,1.756667,0.271173,1.310419,1.726617,-0.041579,135.516462,133.315755,122.882434,-0.014336,0.660684,1.017965,-0.013083,0.658009,0.993343,-0.082750
88,1777725152.783444,147.997375,137.035201,126.803458,-0.532624,-0.527575,-0.426313,-0.492897,-0.506706,-0.403348,-0.030423,128.984484,132.884341,121.933744,0.331315,1.353336,1.737524,0.321446,1.252582,1.617137,-0.047703,135.322114,134.267961,123.556982,0.043336,0.726366,1.016245,0.049999,0.666153,0.943642,-0.110949
89,1777725152.861303,147.997375,137.035201,126.803458,-0.384815,-0.339704,-0.329334,-0.348185,-0.327726,-0.299372,-0.023935,128.984484,132.884341,121.933744,0.353750,1.159785,1.431223,0.339657,1.072692,1.345367,-0.056270,135.322114,134.267961,123.556982,0.107562,0.659956,0.844371,0.110376,0.605886,0.797121,-0.153113
90,1777725153.089459,149.310731,137.790816,127.541968,-0.148119,-0.109620,-0.160930,-0.152073,-0.117376,-0.150238,-0.019852,129.042825,130.257323,118.184650,0.332995,0.764246,0.898485,0.326277,0.778361,0.930286,-0.060781,135.798794,132.768487,121.303756,0.172624,0.472958,0.545346,0.166827,0.479782,0.570111,-0.202575
91,1777725153.173252,149.036160,137.866400,127.125760,0.101050,0.116886,0.048364,0.082672,0.110258,0.046308,-0.017665,128.699944,129.982110,118.816741,0.278777,0.344351,0.356767,0.286135,0.409827,0.428564,-0.055163,135.478683,132.610207,121.586414,0.219535,0.268529,0.253966,0.218314,0.309971,0.301145,-0.230173
92,1777725153.353479,149.669849,137.797564,128.188282,0.320912,0.321539,0.271251,0.323764,0.330049,0.275320,-0.016546,128.618465,129.595569,117.778736,0.216604,0.003121,-0.101487,0.225826,0.032633,-0.080142,-0.038160,135.635593,132.329567,121.248584,0.251374,0.109260,0.022759,0.258472,0.131771,0.038345,-0.212741
93,1777725153.490302,148.751840,137.991840,127.215200,0.516884,0.510973,0.487986,0.525742,0.512810,0.502014,-0.015537,128.715981,130.232110,118.721821,0.159552,-0.273252,-0.496266,0.153464,-0.286222,-0.516381,-0.012112,135.394600,132.818687,121.552947,0.278662,-0.011843,-0.168182,0.277557,-0.019878,-0.176916,-0.149358
94,1777725153.602816,150.382778,138.648747,128.281234,0.680215,0.659949,0.696767,0.659033,0.638201,0.692493,-0.013801,128.904022,129.266108,117.240469,0.093762,-0.512288,-0.843960,0.081589,-0.513239,-0.840615,0.017753,136.063607,132.393654,120.920724,0.289246,-0.121543,-0.330384,0.274070,-0.129426,-0.329579,-0.053034
95,1777725153.745088,150.039664,138.662113,128.654542,0.743518,0.721401,0.844554,0.709898,0.696685,0.816669,-0.011104,128.390285,128.737903,116.609621,0.016659,-0.678608,-1.087047,0.023357,-0.648262,-1.046541,0.044047,135.606745,132.045973,120.624595,0.258945,-0.211938,-0.443180,0.252204,-0.199946,-0.425471,0.053725
96,1777725153.851385,149.644338,138.226959,128.302995,0.689109,0.691404,0.877672,0.669736,0.683431,0.848203,-0.007486,128.221399,128.843586,116.815735,-0.040231,-0.731993,-1.169096,-0.015235,-0.697264,-1.126495,0.058337,135.362379,131.971377,120.644822,0.202883,-0.257528,-0.486840,0.213089,-0.237032,-0.468262,0.143044
97,1777725153.914454,149.644338,138.226959,128.302995,0.557314,0.602891,0.803486,0.545288,0.603278,0.778010,0.000567,128.221399,128.843586,116.815735,-0.051657,-0.687597,-1.113099,-0.035425,-0.671010,-1.086110,0.056413,135.362379,131.971377,120.644822,0.151333,-0.257434,-0.474237,0.158146,-0.246247,-0.464737,0.187512
98,1777725153.977222,149.476136,138.144009,128.240783,0.365533,0.473543,0.629239,0.367264,0.476356,0.618704,0.018439,128.707453,129.258157,116.962551,-0.034970,-0.587994,-0.958094,-0.043281,-0.601720,-0.964489,0.040831,135.630347,132.220108,120.721962,0.098531,-0.234148,-0.428983,0.093567,-0.242361,-0.436758,0.181434
99,1777725154.039867,148.581920,137.736160,127.135520,0.152686,0.319934,0.388401,0.179411,0.329583,0.404056,0.045310,128.665832,129.553115,117.933723,-0.029780,-0.493968,-0.770542,-0.050056,-0.539691,-0.822502,0.015214,135.304528,132.280796,121.000988,0.031042,-0.222667,-0.384228,0.026433,-0.249933,-0.413649,0.145582
100,1777725154.117913,148.581920,137.736160,127.135520,-0.018457,0.167548,0.149018,0.012788,0.180382,0.172619,0.075255,128.665832,129.553115,117.933723,-0.056350,-0.457733,-0.640397,-0.069237,-0.512200,-0.699988,-0.017085,135.304528,132.280796,121.000988,-0.043719,-0.249306,-0.377259,-0.041895,-0.281339,-0.409119,0.097509
101,1777725154.197909,148.766952,137.572087,126.993746,-0.131782,0.027952,-0.060139,-0.122008,0.032504,-0.047747,0.102365,128.379310,129.410363,117.437709,-0.107813,-0.496031,-0.593098,-0.106569,-0.504561,-0.596560,-0.050920,135.175191,132.130938,120.623054,-0.115803,-0.321370,-0.415445,-0.111715,-0.325540,-0.413622,0.045181
102,1777725154.276001,148.851502,137.689564,126.815331,-0.214109,-0.101693,-0.240147,-0.225041,-0.112887,-0.236617,0.121906,128.322627,127.921083,116.529832,-0.165462,-0.551672,-0.562684,-0.157041,-0.491020,-0.504070,-0.080090,135.165585,131.177243,119.958332,-0.181678,-0.401679,-0.455171,-0.179708,-0.364976,-0.414919,-0.003655
103,1777725154.339127,148.851502,137.689564,126.815331,-0.288645,-0.234723,-0.391197,-0.304022,-0.250530,-0.388056,0.130992,128.322627,127.921083,116.529832,-0.217824,-0.515562,-0.463866,-0.212307,-0.457669,-0.420569,-0.098495,135.165585,131.177243,119.958332,-0.241431,-0.421949,-0.439643,-0.242879,-0.388623,-0.409732,-0.043139
104,1777725154.402797,148.846939,137.379526,126.597433,-0.367557,-0.374288,-0.516254,-0.371931,-0.372465,-0.512789,0.129331,128.254079,129.291528,118.021598,-0.262178,-0.384157,-0.312355,-0.267176,-0.405244,-0.349240,-0.101516,135.118365,131.987527,120.880210,-0.297304,-0.380867,-0.380322,-0.302094,-0.394317,-0.403757,-0.070151
105,1777725154.685016,148.275360,136.863840,126.500960,-0.437342,-0.488138,-0.611433,-0.435465,-0.470669,-0.622066,0.121145,128.625788,129.843993,118.490360,-0.307297,-0.274395,-0.224139,-0.319666,-0.336982,-0.292652,-0.086980,135.175645,132.183942,121.160560,-0.350646,-0.345643,-0.353237,-0.358266,-0.381544,-0.402457,-0.084464
106,1777725154.810771,148.763989,137.158163,127.008229,-0.479377,-0.545275,-0.692423,-0.486009,-0.535744,-0.716548,0.111056,128.072768,128.914385,117.187641,-0.356067,-0.237710,-0.228439,-0.363719,-0.256121,-0.245325,-0.053668,134.969842,131.662311,120.461170,-0.397170,-0.340231,-0.383101,-0.404482,-0.349329,-0.402400,-0.088201
107,1777725155.049675,148.576366,137.192890,126.253127,-0.503947,-0.553960,-0.773370,-0.504595,-0.556950,-0.782557,0.097079,128.457638,128.941880,117.731183,-0.392331,-0.220997,-0.253486,-0.387129,-0.175959,-0.202066,-0.004520,135.163881,131.692217,120.571831,-0.429536,-0.331984,-0.426781,-0.426284,-0.302956,-0.395563,-0.084628
108,1777725155.148671,148.204745,137.301477,126.323212,-0.501510,-0.532972,-0.824544,-0.477631,-0.531163,-0.799479,0.073777,127.774209,127.702821,115.594929,-0.393606,-0.139214,-0.198304,-0.373857,-0.095801,-0.141228,0.049068,134.584388,130.902373,119.171024,-0.429574,-0.270467,-0.407051,-0.408448,-0.240922,-0.360645,-0.079316
109,1777725155.317305,148.144960,136.858400,125.554080,-0.433687,-0.474424,-0.795559,-0.406613,-0.465188,-0.753025,0.036381,128.267241,130.514182,119.366611,-0.334852,0.004346,-0.047620,-0.311029,-0.003705,-0.040079,0.094860,134.893148,132.628922,121.429101,-0.367797,-0.155244,-0.296933,-0.342890,-0.157533,-0.277728,-0.080016
110,1777725155.400192,148.830927,137.632985,126.561307,-0.302608,-0.374439,-0.665347,-0.299987,-0.368845,-0.642290,-0.027415,128.302516,129.052135,117.110465,-0.219390,0.114498,0.101920,-0.203967,0.084581,0.079834,0.126132,135.145320,131.912418,120.260746,-0.247130,-0.048481,-0.153835,-0.235974,-0.066561,-0.160874,-0.091123
111,1777725155.540661,149.236833,137.300197,126.677749,-0.163346,-0.254595,-0.474973,-0.175893,-0.252162,-0.486596,-0.124670,128.570078,129.761772,118.807842,-0.067356,0.179687,0.232095,-0.074316,0.143781,0.184653,0.140755,135.458996,132.274581,121.431144,-0.099352,0.034926,-0.003594,-0.108175,0.011800,-0.039096,-0.111706
112,1777725155.692781,148.957044,137.782752,127.467248,-0.051281,-0.127934,-0.286289,-0.069018,-0.132174,-0.322775,-0.231445,129.427697,130.149981,119.180478,0.080382,0.197785,0.304796,0.051708,0.177951,0.271838,0.140599,135.937480,132.694238,121.942735,0.036494,0.089212,0.107768,0.011466,0.074576,0.073633,-0.137459
113,1777725155.848567,149.464908,137.898125,127.370333,0.030868,-0.011445,-0.142407,-0.005877,-0.030488,-0.180707,-0.311534,129.139535,129.185951,117.894014,0.174069,0.160473,0.294558,0.152069,0.211326,0.355455,0.130925,135.914659,132.090009,121.052787,0.126335,0.103167,0.148903,0.099420,0.130722,0.176734,-0.161576
114,1777725155.944747,149.920423,138.142247,127.505635,0.051827,0.071618,-0.052265,0.021620,0.046904,-0.061347,-0.341540,128.952748,128.126519,116.753230,0.221861,0.170660,0.336133,0.222653,0.250093,0.428869,0.119602,135.941973,131.465095,120.337365,0.165183,0.137646,0.206667,0.155642,0.182364,0.265463,-0.175538
115,1777725156.085571,148.565833,138.167380,126.933180,0.021960,0.110736,0.017941,0.048590,0.111565,0.054937,-0.312508,129.202540,130.140712,119.510104,0.250020,0.274309,0.470703,0.269253,0.264321,0.448216,0.109187,135.656971,132.816268,121.984462,0.174000,0.219784,0.319782,0.195698,0.213402,0.317123,-0.170199
116,1777725156.212741,148.550000,137.310794,126.725714,0.035748,0.138515,0.132070,0.102001,0.173794,0.182373,-0.230622,128.779040,131.331800,120.514430,0.273091,0.327482,0.514254,0.292824,0.223234,0.377907,0.093956,135.369360,133.324798,122.584858,0.193977,0.264493,0.386859,0.229216,0.206754,0.312729,-0.138485
117,1777725156.376011,148.799040,137.838720,127.738720,0.145983,0.208375,0.308381,0.185090,0.237345,0.320033,-0.117363,129.283185,130.494624,119.799314,0.303372,0.207133,0.329271,0.292690,0.125267,0.224098,0.071317,135.788470,132.942656,122.445783,0.250909,0.207547,0.322308,0.256823,0.162626,0.256076,-0.059191
118,1777725156.517372,149.895450,138.382068,128.380395,0.305813,0.303859,0.475805,0.285069,0.297977,0.448502,-0.009638,130.100386,129.689585,118.460366,0.297838,-0.034664,-0.011950,0.266775,-0.009483,0.023779,0.043735,136.698740,132.587079,121.767043,0.300496,0.078177,0.150635,0.272873,0.093004,0.165353,0.072453
119,1777725156.634641,150.495696,138.759642,128.557851,0.413868,0.361850,0.560865,0.367742,0.337634,0.530247,0.064728,129.161078,128.047451,116.282255,0.219567,-0.244158,-0.299539,0.211323,-0.146563,-0.163429,0.013450,136.272617,131.618181,120.374120,0.284334,-0.042155,-0.012738,0.263463,0.014836,0.067796,0.193487
120,1777725156.907778,149.719304,138.365841,128.156909,0.422237,0.356848,0.555905,0.388968,0.330712,0.529717,0.108090,129.038669,128.897396,117.420154,0.116397,-0.298521,-0.361154,0.126286,-0.241086,-0.272019,-0.017500,135.932214,132.053545,120.999072,0.218344,-0.080065,-0.055468,0.213847,-0.050487,-0.004774,0.233155
121,1777725157.066210,150.391376,138.997038,129.086241,0.347018,0.286924,0.462243,0.328284,0.263663,0.438357,0.129336,129.347056,129.959865,118.749156,0.024373,-0.232751,-0.241709,0.023983,-0.258470,-0.264581,-0.046188,136.361829,132.972256,122.194851,0.131922,-0.059526,-0.007058,0.125417,-0.084426,-0.030269,0.169166
122,1777725157.252206,149.430240,138.175680,127.688800,0.207753,0.155687,0.288522,0.204553,0.150757,0.283942,0.131558,129.299221,130.755006,120.007601,-0.068641,-0.177455,-0.117827,-0.069919,-0.205807,-0.164163,-0.068406,136.009561,133.228564,122.568001,0.023491,-0.066408,0.017623,0.021572,-0.086953,-0.014795,0.017295
123,1777725157.405761,149.659809,138.099572,128.287854,0.045685,0.006853,0.089626,0.060296,0.023918,0.106375,0.119110,128.763503,128.811047,117.913072,-0.147548,-0.152399,-0.047054,-0.134700,-0.135090,-0.048664,-0.081298,135.728939,131.907222,121.371333,-0.083137,-0.099315,-0.001494,-0.069701,-0.082087,0.003015,-0.175643
124,1777725157.526825,148.895200,137.763680,127.237440,-0.089999,-0.108565,-0.081476,-0.066677,-0.087562,-0.060484,0.096613,129.032073,130.442251,119.693641,-0.178405,-0.098018,0.018636,-0.164052,-0.102398,0.005039,-0.084183,135.653115,132.882727,122.208241,-0.148937,-0.101534,-0.014735,-0.131593,-0.097453,-0.016802,-0.336757
125,1777725157.594316,149.311883,138.020244,127.940750,-0.164847,-0.169667,-0.189298,-0.151393,-0.162034,-0.181601,0.068313,129.161754,130.817112,119.792269,-0.162532,-0.066742,0.031158,-0.155510,-0.122086,-0.023527,-0.077214,135.878463,133.218156,122.508430,-0.163304,-0.101051,-0.042328,-0.154138,-0.135402,-0.076219,-0.372683
126,1777725157.657702,149.311883,138.020244,127.940750,-0.179375,-0.180132,-0.240678,-0.177016,-0.182962,-0.231065,0.037807,129.161754,130.817112,119.792269,-0.115452,-0.134104,-0.070849,-0.111232,-0.172837,-0.106314,-0.063837,135.878463,133.218156,122.508430,-0.136760,-0.149446,-0.127459,-0.133160,-0.176212,-0.147898,-0.200490
127,1777725157.736476,149.275427,138.082960,127.227808,-0.145754,-0.148954,-0.229728,-0.137546,-0.142502,-0.204829,0.008308,129.312238,129.412600,118.460446,-0.043624,-0.250998,-0.231443,-0.045824,-0.231335,-0.211877,-0.059887,135.966634,132.302720,121.382900,-0.077668,-0.216983,-0.230872,-0.076398,-0.201724,-0.209528,0.161725
128,1777725157.798748,149.304477,137.875247,128.117676,-0.061186,-0.070767,-0.131929,-0.041554,-0.045795,-0.116582,-0.018089,129.621155,129.762566,118.657633,0.034866,-0.315099,-0.348623,0.022089,-0.273343,-0.313091,-0.083002,136.182262,132.466793,121.810981,0.002848,-0.233655,-0.276392,0.000875,-0.197494,-0.247588,0.571788
129,1777725157.864352,149.304477,137.875247,128.117676,0.074357,0.069113,0.019344,0.089206,0.090245,0.011707,-0.040322,129.621155,129.762566,118.657633,0.096413,-0.286239,-0.374394,0.083259,-0.259421,-0.362102,-0.126430,136.182262,132.466793,121.810981,0.089061,-0.167788,-0.243148,0.085241,-0.142866,-0.237499,0.879574
130,1777725157.940892,149.966982,138.713954,128.696035,0.236037,0.249099,0.175826,0.226867,0.241120,0.157302,-0.056645,129.535360,130.116088,119.200057,0.137048,-0.174789,-0.320588,0.136943,-0.158818,-0.308087,-0.167424,136.345901,132.982044,122.365383,0.170045,-0.033493,-0.155117,0.166917,-0.025505,-0.152958,1.000000
131,1777725158.002742,150.154378,138.848420,128.494733,0.368539,0.403953,0.307208,0.343472,0.379016,0.296742,-0.064645,129.403413,130.368905,118.608777,0.171458,-0.000596,-0.189930,0.183929,0.015627,-0.142854,-0.186942,136.320402,133.195410,121.904096,0.237152,0.134253,-0.024218,0.237110,0.136757,0.003678,0.908336
132,1777725158.065307,150.154378,138.848420,128.494733,0.432620,0.492455,0.410397,0.412901,0.474823,0.412283,-0.061988,129.403413,130.368905,118.608777,0.215182,0.219500,0.055233,0.225179,0.219956,0.096680,-0.173494,136.320402,133.195410,121.904096,0.287661,0.310485,0.173621,0.287753,0.304912,0.201881,0.637324
133,1777725158.144145,149.984529,138.723502,128.763825,0.424679,0.511500,0.484780,0.415697,0.502582,0.492157,-0.046596,129.713107,131.571098,120.367538,0.263515,0.446150,0.386300,0.260490,0.414643,0.361143,-0.125509,136.470248,133.955232,123.166300,0.317236,0.467933,0.419127,0.312226,0.443956,0.404814,0.274480
134,1777725158.222456,149.737760,138.632960,128.193120,0.361619,0.468953,0.531244,0.350877,0.455851,0.527985,-0.011912,129.726826,131.556452,120.981554,0.293903,0.605010,0.666362,0.284059,0.572474,0.604893,-0.053298,136.397137,133.915288,123.385409,0.316475,0.559658,0.621323,0.306332,0.533600,0.579257,-0.042206
135,1777725158.455582,150.080974,138.754773,129.300033,0.249457,0.365283,0.538550,0.239978,0.352714,0.518955,0.045244,129.656656,131.027160,120.339451,0.295471,0.682653,0.820815,0.286879,0.675980,0.784347,0.017881,136.464762,133.603031,123.326312,0.280133,0.576863,0.726727,0.271246,0.568224,0.695883,-0.223881
136,1777725158.803063,149.119487,138.163924,128.492923,0.100240,0.208424,0.471440,0.111929,0.215619,0.464605,0.109183,129.579904,131.126808,120.231832,0.272826,0.721241,0.885037,0.267085,0.725182,0.875313,0.065537,136.093098,133.472513,122.985529,0.215297,0.550302,0.747171,0.215366,0.555328,0.738410,-0.305245
137,1777725158.929635,149.193120,137.659360,128.163360,-0.039663,0.045342,0.352502,-0.014399,0.063204,0.362841,0.157804,129.632740,131.311179,120.328050,0.228029,0.729785,0.890613,0.232322,0.741716,0.901828,0.090330,136.152867,133.427239,122.939820,0.138798,0.501637,0.711243,0.150082,0.515545,0.722166,-0.337885
138,1777725159.035356,148.852800,138.028800,128.361920,-0.137369,-0.090171,0.217810,-0.128284,-0.084012,0.215385,0.177727,129.090193,130.692992,119.715239,0.174044,0.713214,0.856268,0.190141,0.745738,0.906731,0.100519,135.677729,133.138261,122.597466,0.070240,0.445419,0.643449,0.083999,0.469155,0.676283,-0.341982
139,1777725159.172693,149.626893,137.911784,128.487327,-0.207943,-0.213382,0.049442,-0.219823,-0.209612,0.033127,0.164267,129.322951,130.842418,119.163700,0.132658,0.698799,0.836598,0.141676,0.727756,0.897123,0.098288,136.090932,133.198873,122.271576,0.019125,0.394739,0.574212,0.021176,0.415300,0.609125,-0.335613
140,1777725159.246683,149.022560,137.368640,127.862880,-0.281786,-0.320598,-0.158001,-0.287719,-0.312483,-0.166940,0.121468,129.482110,131.255933,120.127456,0.092703,0.673254,0.846682,0.084828,0.659027,0.844265,0.083992,135.995593,133.293502,122.705931,-0.032127,0.341970,0.511787,-0.039354,0.335190,0.507197,-0.324406
141,1777725159.372429,148.799683,137.803968,127.781270,-0.342881,-0.394266,-0.372502,-0.337806,-0.402211,-0.370638,0.062161,129.533550,132.257846,121.784722,0.023521,0.551648,0.760177,0.012320,0.500532,0.691437,0.060056,135.955594,134.106554,123.783571,-0.098613,0.236343,0.382617,-0.104388,0.199618,0.337412,-0.305012
142,1777725159.500173,149.164160,137.899680,127.404640,-0.372582,-0.457907,-0.562173,-0.371658,-0.480068,-0.556940,0.007880,129.090378,130.841954,119.718576,-0.077485,0.281810,0.476745,-0.086132,0.224330,0.391424,0.031230,135.781639,133.194529,122.280597,-0.175850,0.035238,0.130439,-0.181307,-0.010469,0.075303,-0.273438
143,1777725159.676496,148.948730,137.614444,127.487619,-0.385454,-0.529636,-0.707882,-0.383833,-0.533466,-0.695308,-0.026262,129.342893,131.506223,121.101461,-0.197883,-0.110970,0.013893,-0.211131,-0.152622,-0.049947,0.002346,135.878172,133.542297,123.230180,-0.260407,-0.250525,-0.226698,-0.268699,-0.279570,-0.265067,-0.227090
144,1777725159.789788,148.742560,137.052800,126.901440,-0.373878,-0.575086,-0.786189,-0.365208,-0.549185,-0.762945,-0.043892,129.269930,130.520208,119.296070,-0.344462,-0.603134,-0.608589,-0.350517,-0.585760,-0.591559,-0.022213,135.760806,132.697738,121.831193,-0.354267,-0.593784,-0.667789,-0.355414,-0.573568,-0.648688,-0.166252
145,1777725159.958320,149.241248,137.343123,127.335988,-0.333321,-0.553991,-0.775647,-0.318062,-0.521982,-0.756922,-0.051776,128.343309,127.868662,116.105128,-0.493080,-1.064816,-1.212986,-0.483342,-1.017192,-1.157690,-0.038891,135.309289,131.026815,119.848748,-0.439827,-0.894541,-1.067207,-0.428249,-0.852122,-1.024101,-0.095494
146,1777725160.101857,148.745440,137.397440,127.378080,-0.272541,-0.466326,-0.686666,-0.261730,-0.457831,-0.689663,-0.051832,128.982388,130.393585,119.520022,-0.600485,-1.369708,-1.640797,-0.587098,-1.370418,-1.640870,-0.045551,135.570072,132.728204,122.139375,-0.491170,-1.068581,-1.322753,-0.478642,-1.066222,-1.323801,-0.025837
147,1777725160.288049,149.509540,138.150987,127.916376,-0.197660,-0.348456,-0.552475,-0.219064,-0.373649,-0.572557,-0.045884,128.485227,129.483130,117.503812,-0.661737,-1.575320,-1.957522,-0.645746,-1.571710,-1.940164,-0.043091,135.493331,132.372416,120.974667,-0.507044,-1.166365,-1.489173,-0.503519,-1.172356,-1.484295,0.031829
148,1777725160.388084,150.007193,138.242891,128.034125,-0.158063,-0.252136,-0.409132,-0.203954,-0.286655,-0.413929,-0.039767,128.614465,127.971745,116.160656,-0.666120,-1.650696,-2.092798,-0.652173,-1.575272,-1.992248,-0.033965,135.745374,131.395460,120.118479,-0.496767,-1.184510,-1.531576,-0.502766,-1.145733,-1.466141,0.075787
149,1777725160.508896,149.583772,138.294437,127.570276,-0.193819,-0.202404,-0.256100,-0.214959,-0.207431,-0.229157,-0.041885,129.027382,128.678732,117.129782,-0.614117,-1.471454,-1.904597,-0.613212,-1.385214,-1.803334,-0.018304,135.879512,131.883967,120.609947,-0.474018,-1.048437,-1.355098,-0.480461,-0.992620,-1.278608,0.108033
150,1777725160.745306,148.790720,137.396320,127.796960,-0.253551,-0.160982,-0.058454,-0.235176,-0.139314,-0.040195,-0.052714,129.259640,130.500742,119.033092,-0.539168,-1.084993,-1.467097,-0.547327,-1.055430,-1.441035,0.004573,135.770000,132.799268,121.954382,-0.443962,-0.776989,-0.997549,-0.443277,-0.750058,-0.974088,0.130219
151,1777725160.877266,149.120320,138.275200,128.978400,-0.264695,-0.082137,0.156853,-0.236292,-0.074829,0.130944,-0.065753,129.269837,130.523174,119.506489,-0.460372,-0.628511,-0.946050,-0.472431,-0.669088,-1.005661,0.032979,135.886665,133.107183,122.663792,-0.395146,-0.446386,-0.578416,-0.393718,-0.471001,-0.626792,0.137802
152,1777725161.006053,149.114250,138.393855,128.919098,-0.209077,0.014324,0.314419,-0.188282,0.002257,0.269388,-0.074362,129.704922,132.893972,121.892188,-0.386016,-0.228722,-0.498773,-0.400606,-0.329074,-0.619475,0.062150,136.174698,134.727266,124.234492,-0.327036,-0.147707,-0.227709,-0.329831,-0.218631,-0.323187,0.119080
153,1777725161.112666,149.114250,138.393855,128.919098,-0.084846,0.103764,0.391596,-0.074699,0.103853,0.370834,-0.073342,129.704922,132.893972,121.892188,-0.327861,-0.024993,-0.274089,-0.333896,-0.114880,-0.368989,0.085161,136.174698,134.727266,124.234492,-0.246856,0.017926,-0.052194,-0.247497,-0.041969,-0.122381,0.072461
154,1777725161.301735,149.759200,138.030880,128.343520,0.097917,0.210041,0.426223,0.099165,0.227547,0.444165,-0.060026,129.473396,131.817760,120.525121,-0.270395,-0.026008,-0.260551,-0.262362,-0.036457,-0.257166,0.095619,136.235331,133.888800,123.131254,-0.147624,0.052675,-0.031626,-0.141853,0.051545,-0.023389,0.008612
155,1777725161.407878,149.728769,138.606978,128.314352,0.305967,0.352435,0.473999,0.312678,0.363347,0.512124,-0.035661,129.913700,131.644049,120.611976,-0.187720,-0.105576,-0.308285,-0.173771,-0.055861,-0.238508,0.090366,136.518723,133.965025,123.179435,-0.023157,0.047094,-0.047524,-0.011621,0.083875,0.011703,-0.059390
156,1777725161.470354,149.728769,138.606978,128.314352,0.528666,0.514298,0.567794,0.538165,0.508339,0.594704,-0.008567,129.913700,131.644049,120.611976,-0.076651,-0.167167,-0.315531,-0.062493,-0.121449,-0.262227,0.071051,136.518723,133.965025,123.179435,0.125122,0.059988,-0.021089,0.137726,0.088480,0.023416,-0.118999
157,1777725161.533247,150.383805,139.098914,128.919355,0.751349,0.666010,0.692772,0.744093,0.660984,0.691403,0.011233,130.199017,132.478865,122.073044,0.063782,-0.188180,-0.277031,0.068479,-0.185743,-0.291447,0.044404,136.927280,134.685548,124.355148,0.292971,0.096550,0.046236,0.293683,0.096499,0.036170,-0.159789
158,1777725161.595531,150.576160,138.690400,129.084320,0.924388,0.792136,0.800756,0.901120,0.805079,0.780309,0.021967,130.865313,133.058213,122.798387,0.216056,-0.202487,-0.261302,0.207134,-0.224240,-0.310938,0.018987,137.435596,134.935609,124.893698,0.452167,0.129054,0.092717,0.438463,0.118867,0.052811,-0.175472
159,1777725161.659952,150.576160,138.690400,129.084320,1.010736,0.905301,0.854815,0.989133,0.915766,0.833751,0.026266,130.865313,133.058213,122.798387,0.348306,-0.233736,-0.308074,0.338838,-0.236642,-0.320676,0.000517,137.435596,134.935609,124.893698,0.569116,0.145943,0.079556,0.555603,0.147494,0.064133,-0.171194
160,1777725161.719410,150.302172,139.371626,128.869322,1.009199,0.991641,0.848953,1.000998,0.974812,0.839103,0.026053,131.131189,133.166823,122.515191,0.452108,-0.257212,-0.365580,0.451135,-0.237035,-0.329957,-0.008986,137.521517,135.235091,124.633235,0.637805,0.159072,0.039264,0.634423,0.166914,0.059730,-0.158452
161,1777725161.782037,150.302172,139.371626,128.869322,0.930561,0.992901,0.786373,0.940612,0.970194,0.797747,0.023330,131.131189,133.166823,122.515191,0.531640,-0.230029,-0.343691,0.533753,-0.232331,-0.332814,-0.010508,137.521517,135.235091,124.633235,0.664614,0.177614,0.032997,0.669372,0.168510,0.044040,-0.138449
162,1777725161.844670,149.532698,138.717619,127.949524,0.798322,0.893768,0.690984,0.815977,0.889374,0.712574,0.020392,131.493687,135.077471,125.195166,0.585148,-0.173045,-0.257390,0.583025,-0.207939,-0.294636,-0.007192,137.506691,136.290854,126.113285,0.656206,0.182559,0.058735,0.660676,0.157832,0.041101,-0.106487
163,1777725161.906860,149.955040,138.669600,128.582400,0.633550,0.724009,0.584643,0.633083,0.724073,0.585425,0.019700,131.562384,134.041991,123.790508,0.601990,-0.133620,-0.176524,0.597795,-0.144082,-0.184044,-0.002529,137.693269,135.584527,125.387805,0.612510,0.152257,0.077199,0.609557,0.145303,0.072445,-0.061732
164,1777725161.971198,149.955040,138.669600,128.582400,0.410212,0.487551,0.429404,0.394147,0.481923,0.416364,0.022509,131.562384,134.041991,123.790508,0.578894,-0.052581,-0.023665,0.573753,-0.028460,0.008685,0.001155,137.693269,135.584527,125.387805,0.522667,0.127463,0.127358,0.513884,0.141668,0.144578,-0.007146
165,1777725162.191482,149.377880,138.150592,128.015471,0.107669,0.178618,0.194560,0.094684,0.176398,0.190821,0.028502,131.680514,134.638503,124.989310,0.520623,0.138899,0.280508,0.509249,0.158551,0.298871,0.003470,137.579636,135.809200,125.998030,0.382972,0.152139,0.251859,0.371061,0.164500,0.262854,0.051000
166,1777725162.384343,149.203588,137.768927,127.732390,-0.253580,-0.179594,-0.098587,-0.270409,-0.187281,-0.117082,0.036457,131.776047,135.167037,125.504357,0.423705,0.429985,0.700195,0.412096,0.451846,0.723856,0.004425,137.585228,136.034334,126.247034,0.197943,0.226792,0.433934,0.184594,0.238804,0.443543,0.104889
167,1777725162.602116,148.885616,137.722679,128.025346,-0.655129,-0.566972,-0.448950,-0.686707,-0.597419,-0.507328,0.044633,131.335187,135.150630,125.475343,0.298586,0.808990,1.219638,0.299657,0.862241,1.289718,0.003401,137.185330,136.007980,126.325344,-0.019319,0.350336,0.663442,-0.029131,0.375688,0.690703,0.147407
168,1777725162.693852,148.885616,137.722679,128.025346,-1.091036,-0.991689,-0.893755,-1.110262,-1.019461,-0.936758,0.051124,131.335187,135.150630,125.475343,0.176817,1.299261,1.877256,0.190474,1.342066,1.930422,0.000703,137.185330,136.007980,126.325344,-0.245801,0.535611,0.953586,-0.243105,0.554890,0.974695,0.173931
169,1777725162.853824,147.052237,136.068168,125.419424,-1.502033,-1.413201,-1.371283,-1.479153,-1.400815,-1.340158,0.054214,130.985077,137.447419,128.713395,0.087907,1.851740,2.600973,0.100504,1.815120,2.552543,-0.002704,136.340797,136.987669,127.615405,-0.442073,0.763426,1.276887,-0.426048,0.743141,1.254976,0.183054
170,1777725162.933106,147.598805,136.230086,125.744332,-1.787396,-1.732596,-1.720996,-1.738756,-1.690732,-1.654662,0.053044,131.373157,137.875000,128.964537,0.042142,2.308893,3.178388,0.042107,2.223938,3.079834,-0.006314,136.781706,137.326695,127.891135,-0.567704,0.961730,1.545260,-0.551514,0.919048,1.501669,0.176172
171,1777725163.041250,146.518012,135.428333,125.264022,-1.885618,-1.880015,-1.863515,-1.852807,-1.848936,-1.826861,0.047363,131.166840,137.868229,128.704948,0.029019,2.569585,3.498421,0.020376,2.535906,3.454311,-0.009932,136.283897,137.054930,127.557973,-0.609193,1.086385,1.711109,-0.604019,1.074292,1.693920,0.156309
172,1777725163.181025,147.924094,136.387559,126.142047,-1.785299,-1.837001,-1.808557,-1.788141,-1.833690,-1.810609,0.034262,131.094066,136.321970,127.532107,0.048077,2.674176,3.610018,0.042128,2.718672,3.632345,-0.013488,136.704075,136.343833,127.068754,-0.563048,1.170450,1.803827,-0.567962,1.201218,1.818027,0.126952
173,1777725163.263611,147.924094,136.387559,126.142047,-1.536452,-1.634183,-1.595122,-1.524712,-1.615261,-1.585226,0.012148,131.094066,136.321970,127.532107,0.106778,2.719339,3.584827,0.118325,2.749103,3.601602,-0.016873,136.704075,136.343833,127.068754,-0.440965,1.268165,1.858177,-0.429354,1.294315,1.872659,0.091434
174,1777725163.339938,147.546569,136.131740,125.996170,-1.155754,-1.279108,-1.234653,-1.086823,-1.209154,-1.175930,-0.012215,130.562412,137.310130,127.329617,0.220086,2.694163,3.429169,0.256806,2.643598,3.397208,-0.019885,136.223798,136.917333,126.885135,-0.238527,1.369740,1.874561,-0.191071,1.359347,1.872829,0.052692
175,1777725163.418160,147.546569,136.131740,125.996170,-0.589371,-0.728937,-0.695137,-0.536312,-0.674113,-0.640165,-0.030200,130.562412,137.310130,127.329617,0.416960,2.480391,3.093273,0.454892,2.432469,3.067914,-0.022301,136.223798,136.917333,126.885135,0.081516,1.410615,1.830470,0.124491,1.396942,1.831888,0.013039
176,1777725163.594833,150.945246,139.225983,128.381782,0.085019,-0.056582,-0.031041,0.051478,-0.087755,-0.046231,-0.038114,131.570911,134.308711,124.809093,0.667611,2.088075,2.590785,0.683469,2.122932,2.633581,-0.024170,138.029023,135.947802,125.999989,0.473414,1.373190,1.716843,0.472805,1.386036,1.740310,-0.026113
177,1777725163.736311,150.757735,139.466096,129.292627,0.663134,0.538965,0.582036,0.598025,0.469556,0.531287,-0.036758,131.050056,134.153967,123.658880,0.901493,1.662309,2.041661,0.887943,1.709631,2.089678,-0.025102,137.619282,135.924677,125.536796,0.822040,1.287861,1.555120,0.791303,1.296272,1.570214,-0.066349
178,1777725163.841300,151.155633,139.762071,129.156463,1.056277,0.952325,1.027492,1.015619,0.912061,0.998588,-0.031079,132.474361,134.606653,124.560427,1.047564,1.217023,1.468077,1.000563,1.198970,1.432676,-0.023681,138.701452,136.325125,126.092439,1.050468,1.128790,1.321215,1.005582,1.103333,1.287980,-0.106703
179,1777725163.949583,151.394226,139.726564,129.606770,1.267986,1.188902,1.295527,1.230700,1.163563,1.256863,-0.029793,131.726935,133.368471,123.329584,1.024207,0.670633,0.759620,0.961129,0.607870,0.671484,-0.019019,138.282699,135.487835,125.421979,1.105466,0.843389,0.938256,1.050986,0.793101,0.866610,-0.136761
180,1777725164.147838,151.807377,140.336407,130.481899,1.283856,1.251105,1.354599,1.236396,1.205450,1.266219,-0.044859,131.672710,132.642527,121.630569,0.807938,0.016336,-0.105234,0.753873,-0.039738,-0.164649,-0.011550,138.384266,135.207153,124.581012,0.966577,0.427925,0.381377,0.914714,0.375325,0.312307,-0.146284
181,1777725164.234508,151.593408,140.430157,130.667179,1.101721,1.122199,1.143483,1.082367,1.082709,1.072588,-0.088840,130.793732,130.979267,119.567985,0.430867,-0.697258,-1.026779,0.415047,-0.690309,-1.005322,-0.002445,137.726957,134.129564,123.267716,0.654485,-0.090772,-0.303358,0.637487,-0.099303,-0.312685,-0.132794
182,1777725164.348012,150.068752,139.123787,128.357143,0.801076,0.845681,0.721897,0.826931,0.861536,0.757950,-0.159512,129.460656,129.207907,117.691225,-0.025802,-1.367635,-1.867021,0.010685,-1.264794,-1.749654,0.006702,136.330021,132.513201,121.246531,0.249824,-0.629863,-1.004048,0.282767,-0.556017,-0.913786,-0.099478
183,1777725164.547366,150.587466,138.725207,127.443354,0.499915,0.547045,0.299943,0.531796,0.605229,0.400168,-0.231813,128.642745,127.189608,115.542941,-0.438298,-1.838780,-2.473679,-0.386616,-1.722196,-2.341218,0.014129,135.957652,131.034807,119.509745,-0.125561,-1.043505,-1.549138,-0.080478,-0.946388,-1.427423,-0.053990
184,1777725164.702917,150.316575,138.721088,128.077153,0.239920,0.317636,0.017006,0.261708,0.364959,0.069270,-0.278137,128.890011,129.150400,116.652402,-0.742329,-2.070885,-2.791187,-0.719049,-2.086750,-2.804199,0.018228,136.032199,132.340630,120.460652,-0.414913,-1.274712,-1.855123,-0.392130,-1.269514,-1.846376,-0.007387
185,1777725164.875442,150.236175,139.172976,129.147465,0.034768,0.166360,-0.168950,0.059448,0.169766,-0.188292,-0.282536,128.741750,129.676214,118.542733,-0.953667,-2.241297,-3.004718,-0.953180,-2.394766,-3.183644,0.018695,135.906558,132.841801,122.077644,-0.624189,-1.438744,-2.059462,-0.615638,-1.539922,-2.185194,0.027344
186,1777725164.954823,149.998683,139.489796,128.468729,-0.085014,0.055961,-0.326767,-0.068688,0.026472,-0.362998,-0.239136,128.384594,129.546255,117.344735,-1.087830,-2.530630,-3.344293,-1.084838,-2.651385,-3.485621,0.016692,135.589290,132.860769,121.052733,-0.753558,-1.668433,-2.338451,-0.746121,-1.758766,-2.444747,0.044215
187,1777725165.012536,150.866440,139.634901,129.015198,-0.126524,-0.053679,-0.459575,-0.134663,-0.071526,-0.467971,-0.151319,128.270982,125.634266,113.277925,-1.135549,-2.867996,-3.721079,-1.128917,-2.816939,-3.658948,0.013123,135.802802,130.301144,118.523683,-0.799207,-1.929890,-2.633911,-0.797499,-1.901802,-2.595289,0.048403
188,1777725165.089879,150.670754,138.820952,128.109088,-0.133726,-0.151954,-0.542196,-0.146447,-0.131425,-0.510895,-0.021340,128.411430,125.026561,112.404816,-1.101293,-2.988382,-3.821180,-1.097147,-2.814898,-3.616138,0.008320,135.831205,129.624691,117.639573,-0.778771,-2.042906,-2.728185,-0.780247,-1.920407,-2.581057,0.045083
189,1777725165.152724,150.670754,138.820952,128.109088,-0.121300,-0.182823,-0.520121,-0.113890,-0.153827,-0.482278,0.136519,128.411430,125.026561,112.404816,-1.005610,-2.734919,-3.468596,-0.998470,-2.588409,-3.293739,0.002626,135.831205,129.624691,117.639573,-0.710840,-1.884220,-2.485771,-0.703610,-1.776881,-2.356586,0.035776
190,1777725165.216650,150.418924,139.509375,129.079167,-0.070679,-0.139391,-0.385327,-0.052861,-0.135775,-0.375999,0.282445,128.240774,126.682937,114.498016,-0.856007,-2.160089,-2.723552,-0.850101,-2.156688,-2.713479,-0.003629,135.633490,130.958416,119.358399,-0.594231,-1.486523,-1.944143,-0.584354,-1.483051,-1.934319,0.021632
191,1777725165.278774,151.062730,139.526263,129.278019,0.015556,-0.069658,-0.203176,0.017286,-0.084038,-0.216516,0.383547,128.915043,129.485246,117.804918,-0.667358,-1.486526,-1.856215,-0.677135,-1.621076,-2.005359,-0.009776,136.297606,132.832252,121.629285,-0.439720,-1.014236,-1.305202,-0.445661,-1.108730,-1.409078,0.005168
192,1777725165.340236,151.062730,139.526263,129.278019,0.102438,0.002493,-0.010237,0.075609,-0.018291,-0.045143,0.422996,128.915043,129.485246,117.804918,-0.479668,-0.965207,-1.164204,-0.502704,-1.104040,-1.333605,-0.014903,136.297606,132.832252,121.629285,-0.285632,-0.642640,-0.779549,-0.309933,-0.742124,-0.904118,-0.008641
193,1777725165.403078,151.390668,139.690944,130.049931,0.157148,0.072832,0.172168,0.114640,0.051472,0.122487,0.393130,129.040873,128.160317,116.882440,-0.314758,-0.626479,-0.702060,-0.336012,-0.663100,-0.776768,-0.018674,136.490805,132.003859,121.271604,-0.157456,-0.393375,-0.410651,-0.185795,-0.424909,-0.477017,-0.016213
194,1777725165.482354,151.390668,139.690944,130.049931,0.158308,0.131908,0.302709,0.145225,0.137858,0.307319,0.302335,129.040873,128.160317,116.882440,-0.170896,-0.341794,-0.359022,-0.170155,-0.269964,-0.296025,-0.021281,136.490805,132.003859,121.271604,-0.061161,-0.183893,-0.138445,-0.065029,-0.134023,-0.094910,-0.017084
195,1777725165.723477,150.039236,138.656424,127.811979,0.144708,0.212737,0.447402,0.187427,0.258262,0.534743,0.175554,128.667361,126.812004,114.512500,-0.025754,0.024215,0.035551,0.007618,0.144226,0.200616,-0.022926,135.791319,130.760144,118.945660,0.031067,0.087056,0.172835,0.067554,0.182238,0.311992,-0.012537
196,1777725165.987418,150.093008,139.079793,129.173135,0.212276,0.374374,0.728362,0.263488,0.414632,0.801715,0.055380,128.629412,128.883896,116.670492,0.163278,0.534115,0.628079,0.199701,0.610088,0.752985,-0.023720,135.783944,132.282528,120.838039,0.179611,0.480868,0.661507,0.220964,0.544936,0.769228,-0.004992
197,1777725166.216104,151.197558,139.949983,130.347942,0.364296,0.589229,1.090801,0.381165,0.588444,1.076560,-0.026023,129.480521,129.337705,118.144841,0.395516,1.108351,1.345512,0.392823,1.078667,1.306544,-0.023589,136.719533,132.875131,122.212541,0.385109,0.935310,1.260609,0.388937,0.915259,1.229882,0.002535
198,1777725166.332050,150.713600,139.913120,131.066720,0.531886,0.774147,1.373882,0.524003,0.746477,1.311090,-0.072822,130.037078,132.242121,121.676863,0.603165,1.568016,1.921134,0.568495,1.460910,1.764734,-0.022123,136.929252,134.799121,124.806815,0.579406,1.303393,1.738717,0.553665,1.222765,1.613520,0.007274
199,1777725166.488684,151.501742,140.316907,130.843537,0.673521,0.875636,1.483930,0.655058,0.847716,1.440126,-0.098030,130.080728,131.028021,120.147255,0.723921,1.759390,2.140784,0.704089,1.672524,2.027508,-0.018296,137.221066,134.124317,123.712683,0.707121,1.464805,1.921833,0.687746,1.397588,1.831714,0.009261
200,1777725166.650945,151.464742,139.947569,130.478182,0.740024,0.865553,1.410839,0.723588,0.852370,1.399324,-0.107322,129.354746,130.700152,119.078822,0.768064,1.699709,2.057490,0.775333,1.676133,2.044569,-0.010955,136.724745,133.782625,122.878608,0.758717,1.421657,1.841940,0.758084,1.401546,1.829487,0.011392
201,1777725166.741015,151.076821,139.656877,130.048449,0.705556,0.749313,1.185204,0.689282,0.740437,1.167526,-0.106490,129.907453,129.984750,118.729889,0.770482,1.498252,1.839526,0.773369,1.513533,1.874941,0.000249,136.963909,133.208793,122.502743,0.748840,1.248606,1.621418,0.745340,1.255834,1.639136,0.015613
202,1777725166.866480,151.256608,139.604048,130.306959,0.576083,0.542717,0.817199,0.539440,0.517732,0.773176,-0.099716,129.940501,130.324783,119.229797,0.716726,1.214868,1.546714,0.706257,1.267053,1.627208,0.015474,137.045870,133.417871,122.922185,0.669845,0.990818,1.303543,0.650651,1.017280,1.342531,0.021243
203,1777725166.940346,151.504514,139.636111,129.658681,0.324989,0.236133,0.298307,0.287413,0.209946,0.270383,-0.089427,129.614980,128.114087,116.073214,0.592761,0.930612,1.272121,0.584402,0.993790,1.357751,0.032611,136.911491,131.954762,120.601703,0.503504,0.699119,0.947516,0.485406,0.732509,0.995295,0.025713
204,1777725167.062489,149.764891,138.230131,127.802555,-0.029246,-0.144371,-0.298425,-0.025084,-0.138407,-0.273112,-0.077133,129.478364,130.226839,119.793080,0.418786,0.708109,1.082687,0.416826,0.710144,1.060732,0.045710,136.240540,132.894603,122.462905,0.269442,0.423949,0.622317,0.269523,0.427294,0.616118,0.027086
205,1777725167.151332,149.764891,138.230131,127.802555,-0.390373,-0.522992,-0.847649,-0.345902,-0.480114,-0.788048,-0.063741,129.478364,130.226839,119.793080,0.206707,0.459928,0.807084,0.214226,0.415605,0.717404,0.050192,136.240540,132.894603,122.462905,0.007680,0.132288,0.255506,0.027516,0.117032,0.215586,0.025242
206,1777725167.326164,149.024058,137.222499,126.837564,-0.688447,-0.835991,-1.278040,-0.638397,-0.786353,-1.221360,-0.049805,128.871616,129.845406,118.819196,-0.028288,0.104457,0.323490,-0.015011,0.090863,0.299786,0.045499,135.589097,132.304437,121.491985,-0.248341,-0.209026,-0.210354,-0.222806,-0.201543,-0.207263,0.020992
207,1777725167.487964,149.249311,137.933540,127.490530,-0.896126,-1.057286,-1.570633,-0.884473,-1.050722,-1.552691,-0.035846,128.984804,128.185588,116.445686,-0.259114,-0.292305,-0.238225,-0.267177,-0.297467,-0.230506,0.033548,135.739640,131.434905,120.127301,-0.471452,-0.547299,-0.682361,-0.472942,-0.548552,-0.671234,0.015782
208,1777725167.581413,150.147337,138.429069,127.813340,-1.050114,-1.236295,-1.770438,-1.087623,-1.284296,-1.803318,-0.022957,129.466546,130.254384,119.199867,-0.501354,-0.692027,-0.796413,-0.534309,-0.747748,-0.858256,0.017996,136.360143,132.979279,122.071024,-0.684274,-0.873450,-1.121088,-0.718747,-0.926597,-1.173277,0.011410
209,1777725167.712159,149.781151,138.467729,128.198274,-1.219589,-1.445732,-1.950314,-1.265527,-1.502158,-2.012208,-0.012328,128.784693,128.957205,117.580061,-0.778867,-1.154286,-1.427271,-0.797419,-1.193274,-1.476415,0.003460,135.783513,132.127380,121.119465,-0.925775,-1.251435,-1.601619,-0.953455,-1.296236,-1.655012,0.009503
210,1777725167.938646,149.334393,137.581633,127.768484,-1.396987,-1.675633,-2.134875,-1.420507,-1.699769,-2.191131,-0.004020,128.158245,127.209450,115.229701,-1.043254,-1.609104,-2.044505,-1.028144,-1.547398,-1.962865,-0.005651,135.216961,130.666844,119.409296,-1.161165,-1.631281,-2.074628,-1.158932,-1.598189,-2.038954,0.009756
211,1777725168.048839,149.158058,137.363120,127.612431,-1.524811,-1.846933,-2.288801,-1.520801,-1.834991,-2.302528,0.002505,128.068627,126.980392,114.857745,-1.222632,-1.880790,-2.414934,-1.191272,-1.763147,-2.259519,-0.008651,135.098438,130.441301,119.109307,-1.323358,-1.869505,-2.372890,-1.301115,-1.787095,-2.273855,0.009871
212,1777725168.182745,148.809745,137.074208,126.590565,-1.547376,-1.882505,-2.322262,-1.510020,-1.836543,-2.272149,0.008012,128.147059,127.003431,114.974608,-1.286337,-1.888545,-2.430193,-1.255103,-1.829062,-2.353350,-0.008862,135.034621,130.360357,118.846593,-1.373350,-1.886532,-2.394216,-1.340075,-1.831556,-2.326283,0.008235
213,1777725168.302881,148.342880,136.615520,126.316640,-1.394418,-1.708780,-2.107467,-1.334134,-1.638605,-2.017904,0.013281,128.055988,129.876993,118.836578,-1.223422,-1.719240,-2.213456,-1.204443,-1.759196,-2.263974,-0.008403,134.818285,132.123169,121.329932,-1.280420,-1.715753,-2.178127,-1.247674,-1.718999,-2.181951,0.004109
214,1777725168.477376,149.100870,137.475243,127.197892,-1.018815,-1.277231,-1.570871,-0.969512,-1.218103,-1.488166,0.017969,129.000193,129.338573,117.680328,-1.048238,-1.541895,-1.982733,-1.047108,-1.607268,-2.064935,-0.007585,135.700419,132.050796,120.852849,-1.038430,-1.453674,-1.845446,-1.021243,-1.477547,-1.872679,-0.004417
215,1777725168.651363,150.174128,138.557933,128.487492,-0.464143,-0.630374,-0.756623,-0.440073,-0.609093,-0.703775,0.020889,129.284415,130.057389,119.205083,-0.813876,-1.416991,-1.812363,-0.814161,-1.445240,-1.854150,-0.006813,136.247652,132.890904,122.299219,-0.697298,-1.154785,-1.460450,-0.689465,-1.166524,-1.470691,-0.018469
216,1777725168.734898,150.254608,139.394174,129.098914,0.197376,0.138108,0.248213,0.194509,0.120989,0.250146,0.020873,129.141223,129.561422,118.248781,-0.542389,-1.317460,-1.684906,-0.545570,-1.323537,-1.699390,-0.006403,136.179018,132.839006,121.865492,-0.295801,-0.832271,-1.040533,-0.298877,-0.842028,-1.049544,-0.034940
217,1777725168.868553,152.247240,140.970224,132.193878,0.885122,0.918764,1.301804,0.859898,0.895588,1.260485,0.017012,130.532787,130.685824,119.668852,-0.251861,-1.221428,-1.572268,-0.274601,-1.243512,-1.599732,-0.006460,137.770938,134.113958,123.843861,0.127133,-0.508031,-0.614244,0.103566,-0.530479,-0.646326,-0.049230
218,1777725168.943439,152.247240,140.970224,132.193878,1.486481,1.613016,2.216690,1.479089,1.630703,2.204517,0.008822,130.532787,130.685824,119.668852,-0.001573,-1.129680,-1.464312,-0.019436,-1.157532,-1.491556,-0.007212,137.770938,134.113958,123.843861,0.494445,-0.215448,-0.237311,0.480072,-0.228120,-0.259532,-0.058511
219,1777725169.021358,152.132736,141.087938,132.059233,1.962891,2.199904,2.936840,1.976600,2.230965,2.955200,-0.003578,130.345692,131.157263,120.123618,0.203196,-1.028659,-1.339337,0.215468,-1.006969,-1.302275,-0.009250,137.608040,134.467488,124.102156,0.789761,0.047529,0.086056,0.802512,0.072343,0.116883,-0.061669
220,1777725169.083744,153.580751,143.050448,134.556990,2.292332,2.632229,3.422200,2.275938,2.596675,3.387690,-0.019158,130.940490,129.978039,118.785000,0.393487,-0.831919,-1.083825,0.420902,-0.752157,-0.985826,-0.012803,138.487244,134.335509,124.042330,1.026435,0.322797,0.418183,1.039247,0.364120,0.472012,-0.059252
221,1777725169.145646,153.663182,143.792600,134.669321,2.384629,2.759672,3.521091,2.311781,2.643304,3.401962,-0.037052,131.066146,131.695387,121.246950,0.567038,-0.450871,-0.602339,0.577478,-0.376917,-0.526930,-0.017338,138.598491,135.727791,125.721074,1.172902,0.619310,0.772138,1.155579,0.629823,0.782701,-0.053416
222,1777725169.207551,154.564792,144.200597,135.821470,2.152672,2.455178,3.107858,2.048254,2.320300,2.946366,-0.057105,132.132673,132.802326,122.528212,0.691384,0.077998,0.037116,0.660865,0.101565,0.051778,-0.021803,139.610046,136.601749,126.959298,1.178480,0.870391,1.060696,1.123328,0.841144,1.016640,-0.047792
223,1777725169.269402,152.648320,141.932160,133.118400,1.592380,1.747027,2.194737,1.505428,1.652250,2.057717,-0.077951,132.472933,134.753522,124.652299,0.707054,0.627485,0.685060,0.647224,0.607292,0.660252,-0.024808,139.198062,137.146402,127.474333,1.002163,1.000666,1.188285,0.933292,0.955611,1.126073,-0.043968
224,1777725169.332219,152.648320,141.932160,133.118400,0.797097,0.779381,0.927533,0.778960,0.767304,0.893452,-0.096950,132.472933,134.753522,124.652299,0.583127,1.100303,1.249104,0.536249,1.030150,1.171996,-0.024878,139.198062,137.146402,127.474333,0.654450,0.993329,1.141914,0.617153,0.942535,1.079148,-0.038517
225,1777725169.561986,149.263174,138.003370,127.624540,-0.060001,-0.234891,-0.412997,0.018347,-0.133334,-0.292794,-0.111364,131.832075,137.795734,128.291608,0.360547,1.397501,1.626114,0.364949,1.292920,1.510397,-0.020832,137.642441,137.864946,128.069252,0.220364,0.853370,0.946410,0.249415,0.817502,0.909333,-0.026854
226,1777725169.800954,148.679790,137.325922,127.213216,-0.736592,-1.003924,-1.436633,-0.617310,-0.846206,-1.231434,-0.118462,131.089442,136.349028,126.766185,0.140295,1.430068,1.709877,0.195221,1.381811,1.670736,-0.012560,136.952891,136.674659,126.915195,-0.152001,0.618737,0.661040,-0.075623,0.639139,0.703346,-0.006789
227,1777725169.943436,149.088254,137.819841,127.010635,-1.109328,-1.374486,-1.932957,-1.014326,-1.247395,-1.744665,-0.115587,131.221681,135.458694,125.290584,0.019657,1.298091,1.627348,0.086251,1.335861,1.690602,-0.001263,137.177205,136.245743,125.863935,-0.356671,0.407232,0.440580,-0.280608,0.474775,0.545513,0.020857
228,1777725170.042347,148.718740,137.728346,127.031024,-1.200963,-1.375899,-1.900168,-1.149240,-1.327061,-1.805619,-0.100267,131.534181,136.035263,126.804203,0.027019,1.164208,1.572034,0.063152,1.223077,1.629931,0.011370,137.262367,136.599624,126.879810,-0.382308,0.317506,0.414634,-0.340979,0.373031,0.484747,0.052380
229,1777725170.205832,149.851181,139.900315,130.345197,-1.067872,-1.118944,-1.478507,-1.083377,-1.164893,-1.526619,-0.070380,132.485931,136.382576,127.701930,0.120258,1.065942,1.532627,0.108159,1.112324,1.553647,0.023575,138.274348,137.555155,128.583019,-0.275785,0.337647,0.528915,-0.289019,0.353252,0.526891,0.082597
230,1777725170.342573,150.852800,140.459680,131.168000,-0.838943,-0.794963,-0.959629,-0.909002,-0.876997,-1.086314,-0.022369,133.016222,136.443270,127.229051,0.217685,1.005882,1.472486,0.179552,1.032866,1.489299,0.033636,138.961748,137.782074,128.542034,-0.134524,0.405601,0.661781,-0.183299,0.396245,0.630761,0.106510
231,1777725170.483306,151.120317,140.356190,131.461905,-0.656286,-0.531533,-0.548649,-0.698220,-0.560782,-0.634044,0.046887,133.193362,137.386273,128.272457,0.256449,0.975149,1.410223,0.235053,0.956614,1.401303,0.040329,139.169014,138.376246,129.335606,-0.047796,0.472922,0.757266,-0.076038,0.450816,0.722854,0.121244
232,1777725170.562055,149.525429,139.308364,130.445466,-0.531618,-0.310751,-0.267924,-0.501348,-0.282604,-0.262539,0.129675,132.805916,138.413448,129.222525,0.234050,0.901336,1.298302,0.245166,0.845654,1.248768,0.041877,138.379087,138.711753,129.630172,-0.021172,0.497307,0.776226,-0.003672,0.469568,0.744999,0.124194
233,1777725170.636665,150.215380,140.352941,130.181832,-0.393009,-0.093398,-0.046924,-0.359230,-0.081708,-0.010314,0.205390,133.023701,138.064870,129.278968,0.179140,0.717953,1.065143,0.195466,0.690220,1.032233,0.036104,138.754261,138.827560,129.579923,-0.011576,0.447503,0.694454,0.010567,0.432910,0.684717,0.112043
234,1777725170.715265,151.262080,140.958080,131.341280,-0.274169,0.062401,0.130928,-0.300203,0.026846,0.125721,0.252505,133.646459,137.355488,128.284483,0.082270,0.463012,0.737765,0.076218,0.493916,0.764304,0.023294,139.518333,138.556352,129.303415,-0.036543,0.329475,0.535486,-0.049256,0.338226,0.551443,0.085755
235,1777725170.825194,151.262080,140.958080,131.341280,-0.274886,0.079313,0.197001,-0.340253,0.033384,0.153043,0.258089,133.646459,137.355488,128.284483,-0.094252,0.220891,0.409554,-0.126767,0.257831,0.444086,0.006057,139.518333,138.556352,129.303415,-0.154463,0.173698,0.338703,-0.197929,0.183015,0.347072,0.050685
236,1777725170.910698,151.559680,140.713280,131.518400,-0.438375,-0.049046,0.110528,-0.490480,-0.073020,0.070408,0.220622,134.076010,138.177419,129.168521,-0.371788,0.005449,0.103890,-0.422407,-0.012143,0.078899,-0.012583,139.903900,139.022706,129.951814,-0.393984,-0.012716,0.106102,-0.445098,-0.032435,0.076069,0.013121
237,1777725171.022851,150.522063,140.448889,130.955079,-0.737660,-0.285790,-0.111275,-0.745381,-0.286453,-0.122548,0.150487,133.906025,138.493326,129.233766,-0.755202,-0.237493,-0.228537,-0.794132,-0.297512,-0.294844,-0.029669,139.444704,139.145180,129.807537,-0.749355,-0.253592,-0.189450,-0.777882,-0.293826,-0.237412,-0.020596
238,1777725171.157650,150.128676,140.011642,130.394608,-1.077268,-0.574319,-0.401798,-1.062763,-0.573813,-0.400692,0.068227,133.135797,138.627897,129.662482,-1.194954,-0.548144,-0.623123,-1.192755,-0.576140,-0.634491,-0.042640,138.800090,139.089145,129.906524,-1.155725,-0.556869,-0.549348,-1.149424,-0.575364,-0.556558,-0.044881
239,1777725171.283730,150.415873,140.452698,130.824127,-1.377894,-0.872767,-0.700745,-1.371513,-0.885505,-0.703617,-0.003933,132.680556,136.686418,126.376353,-1.581720,-0.858337,-0.976443,-1.550665,-0.825203,-0.908879,-0.049813,138.592328,137.941845,127.858944,-1.513778,-0.863147,-0.884543,-1.490948,-0.845304,-0.840458,-0.056145
240,1777725171.503555,149.964953,139.721939,130.180176,-1.598825,-1.149577,-0.977084,-1.592268,-1.160930,-0.962838,-0.054591,132.719725,137.695202,128.889691,-1.817901,-1.046838,-1.136798,-1.796159,-1.015049,-1.096139,-0.051605,138.468135,138.370781,129.319853,-1.744876,-1.081084,-1.083560,-1.728195,-1.063676,-1.051705,-0.056288
241,1777725171.645197,150.417778,140.236825,129.872540,-1.695751,-1.359834,-1.166292,-1.658080,-1.334315,-1.124097,-0.084011,133.275613,137.444895,128.207431,-1.863817,-1.081111,-1.117927,-1.847733,-1.087395,-1.152168,-0.049264,138.989668,138.375539,128.762468,-1.807795,-1.174019,-1.134049,-1.784516,-1.169702,-1.142811,-0.050907
242,1777725171.757661,149.310355,138.601409,129.861366,-1.599174,-1.422861,-1.195738,-1.530475,-1.351536,-1.152700,-0.092706,133.089800,138.594716,130.010885,-1.700390,-0.990840,-0.998074,-1.636763,-0.972044,-1.012163,-0.042018,138.496652,138.596947,129.961045,-1.666651,-1.134847,-1.063962,-1.601334,-1.098541,-1.059009,-0.042678
243,1777725171.882731,151.416228,140.260369,131.131007,-1.268634,-1.261128,-1.067765,-1.209190,-1.190053,-1.040940,-0.079997,133.409622,137.097608,127.984983,-1.284996,-0.762323,-0.777439,-1.163708,-0.655530,-0.666164,-0.028253,139.411824,138.151862,129.033658,-1.279542,-0.928591,-0.874214,-1.178869,-0.833704,-0.791090,-0.032803
244,1777725171.988995,151.220211,140.243252,130.596280,-0.750335,-0.891789,-0.818289,-0.734712,-0.868780,-0.811292,-0.051824,133.594735,137.076474,127.058954,-0.575054,-0.292831,-0.307183,-0.502505,-0.191499,-0.169535,-0.007037,139.469893,138.132067,128.238063,-0.633481,-0.492484,-0.477551,-0.579908,-0.417259,-0.383454,-0.023457
245,1777725172.005297,154.033810,142.627143,132.564603,-0.144519,-0.412421,-0.485405,-0.177541,-0.441187,-0.505262,-0.018393,138.596140,141.460949,132.411616,0.292886,0.351240,0.394458,0.229660,0.322362,0.382542,0.022212,143.742030,141.849680,132.462612,0.147084,0.096686,0.101171,0.093926,0.067846,0.086607,-0.016565
246,1777725172.017663,154.033810,142.627143,132.564603,0.419203,0.056135,-0.147705,0.377655,0.017392,-0.166089,0.011434,138.596140,141.460949,132.411616,1.021834,0.890561,1.009337,0.897414,0.763191,0.862744,0.059643,143.742030,141.849680,132.462612,0.820957,0.612419,0.623656,0.724161,0.514592,0.519800,-0.013665
247,1777725172.033375,155.087778,143.541587,133.001746,0.869077,0.447929,0.154955,0.848610,0.427607,0.163159,0.031154,139.390332,142.435877,133.575487,1.472980,1.166874,1.335085,1.382558,1.032302,1.168622,0.104796,144.622814,142.804447,133.384240,1.271679,0.927226,0.941709,1.204576,0.830737,0.833467,-0.015843
248,1777725172.046356,155.087778,143.541587,133.001746,1.196260,0.751095,0.439243,1.175591,0.732240,0.438289,0.037334,139.390332,142.435877,133.575487,1.657958,1.144487,1.319534,1.621456,1.090588,1.260474,0.156335,144.622814,142.804447,133.384240,1.504059,1.013356,1.026104,1.472835,0.971139,0.986412,-0.023662
249,1777725172.099501,156.387920,144.621132,134.686307,1.380546,0.947283,0.676887,1.338151,0.912868,0.634138,0.030379,138.934640,139.907071,130.163541,1.630119,0.912705,1.073685,1.634932,0.972308,1.168412,0.211805,144.752400,141.478424,131.671130,1.546928,0.924231,0.941419,1.536005,0.952495,0.990321,-0.037024
250,1777725172.116496,156.387920,144.621132,134.686307,1.388633,1.010044,0.793479,1.353104,0.983380,0.753584,0.015896,138.934640,139.907071,130.163541,1.481692,0.683412,0.868622,1.504099,0.760084,0.971403,0.267149,144.752400,141.478424,131.671130,1.450672,0.792289,0.843574,1.453768,0.834516,0.898797,-0.055904
251,1777725172.162425,155.772698,144.190476,134.015397,1.250671,0.963799,0.797106,1.254961,0.971262,0.807115,-0.000070,138.901064,141.199044,132.479076,1.281842,0.526057,0.762925,1.306854,0.532301,0.745397,0.316094,144.524942,142.196188,132.991183,1.271452,0.671971,0.774318,1.289556,0.678621,0.765970,-0.081131
252,1777725172.176138,155.772698,144.190476,134.015397,1.059340,0.882692,0.777291,1.086792,0.909142,0.807135,-0.017298,138.901064,141.199044,132.479076,1.075727,0.367271,0.602433,1.098259,0.343110,0.542038,0.350088,144.524942,142.196188,132.991183,1.070265,0.539078,0.660719,1.094436,0.531788,0.630404,-0.113358
253,1777725172.229217,155.923360,144.503680,134.730240,0.872775,0.808599,0.769304,0.898900,0.831629,0.779731,-0.037314,139.121895,140.508991,130.918521,0.890579,0.200515,0.367053,0.908726,0.207017,0.369954,0.358930,144.722383,141.840554,132.189094,0.884645,0.403210,0.501137,0.905451,0.415221,0.506546,-0.151897
254,1777725172.243555,155.923360,144.503680,134.730240,0.714241,0.750497,0.753288,0.735303,0.764770,0.754694,-0.059911,139.121895,140.508991,130.918521,0.736373,0.087389,0.172474,0.744146,0.109806,0.210723,0.332111,144.722383,141.840554,132.189094,0.728996,0.308425,0.366079,0.741198,0.328128,0.392046,-0.194157
255,1777725172.309661,156.262240,144.990080,134.826400,0.593332,0.705024,0.726187,0.607896,0.709085,0.735823,-0.084375,139.600389,140.952633,131.285780,0.606732,0.046201,0.062039,0.600664,0.054851,0.079904,0.260553,145.154340,142.298448,132.465987,0.602265,0.265809,0.283421,0.603075,0.272929,0.298544,-0.235090
256,1777725172.357951,156.262240,144.990080,134.826400,0.506816,0.656992,0.701948,0.499200,0.644213,0.703740,-0.109629,139.600389,140.952633,131.285780,0.480203,0.052244,0.006870,0.471579,0.060234,0.016945,0.137966,145.154340,142.298448,132.465987,0.489074,0.253827,0.238563,0.480786,0.254893,0.245877,-0.266980
257,1777725172.387632,156.988973,145.462475,135.489302,0.432479,0.586799,0.669146,0.400160,0.557902,0.648560,-0.134436,139.516222,140.927790,131.080645,0.350969,0.095788,-0.003579,0.349524,0.116436,0.018895,-0.038773,145.340472,142.439352,132.550197,0.378139,0.259458,0.220662,0.366403,0.263591,0.228783,-0.279646
258,1777725172.401170,156.988973,145.462475,135.489302,0.330380,0.471339,0.591477,0.319467,0.454897,0.575308,-0.157552,139.516222,140.927790,131.080645,0.229914,0.182316,0.039170,0.229607,0.186638,0.041571,-0.288800,145.340472,142.439352,132.550197,0.263403,0.278657,0.223272,0.259561,0.276058,0.219484,-0.261773
259,1777725172.433308,155.986349,144.647937,134.863810,0.219835,0.330443,0.475037,0.259995,0.349548,0.487055,-0.177627,139.578914,142.007305,132.161165,0.119982,0.276115,0.096354,0.115178,0.241135,0.054480,-0.601245,145.048059,142.887516,133.062047,0.153266,0.294224,0.222581,0.163450,0.277273,0.198672,-0.179356
260,1777725172.463312,155.986349,144.647937,134.863810,0.179589,0.227121,0.368686,0.212356,0.259299,0.383339,-0.192806,139.578914,142.007305,132.161165,0.016945,0.300686,0.082783,0.016583,0.266571,0.051597,-0.874131,145.048059,142.887516,133.062047,0.071160,0.276164,0.178084,0.081841,0.264147,0.162178,0.003355
261,1777725172.497962,157.385780,145.005102,135.259875,0.199361,0.179285,0.281300,0.171054,0.194372,0.271698,-0.199764,139.275491,141.155729,130.904524,-0.071444,0.248269,-0.002235,-0.060424,0.253618,0.021969,-1.000000,145.312254,142.438853,132.356307,0.018824,0.225274,0.092277,0.016735,0.233870,0.105212,0.255823
262,1777725172.528810,157.385780,145.005102,135.259875,0.180423,0.159966,0.182261,0.137278,0.152252,0.166449,-0.189030,139.275491,141.155729,130.904524,-0.124953,0.179889,-0.074783,-0.116984,0.197263,-0.052183,-0.938560,145.312254,142.438853,132.356307,-0.023161,0.173248,0.010898,-0.032230,0.182260,0.020694,0.503990
263,1777725172.559362,156.437280,145.316160,134.668960,0.107276,0.141742,0.074410,0.106187,0.118856,0.077431,-0.151150,139.590934,141.498702,131.947627,-0.145864,0.112784,-0.133094,-0.152422,0.109448,-0.165049,-0.702793,145.206383,142.771188,132.854738,-0.061484,0.122437,-0.063926,-0.066219,0.112584,-0.084223,0.683929
264,1777725172.582893,156.437280,145.316160,134.668960,0.048230,0.097673,-0.005338,0.071850,0.078200,0.010392,-0.093948,139.590934,141.498702,131.947627,-0.158528,0.020391,-0.257089,-0.163769,0.012772,-0.288683,-0.349753,145.206383,142.771188,132.854738,-0.089609,0.046152,-0.173172,-0.085230,0.034581,-0.188991,0.752171
265,1777725172.638176,156.577920,144.787200,134.590400,0.031686,0.030442,-0.039629,0.046699,0.029595,-0.025342,-0.039558,139.308398,141.026696,130.557379,-0.165234,-0.094932,-0.437298,-0.154802,-0.086356,-0.413656,0.028392,145.064905,142.280198,131.901719,-0.099594,-0.053141,-0.304741,-0.087635,-0.047705,-0.284218,0.692826
266,1777725172.665315,156.577920,144.787200,134.590400,0.045736,-0.027410,-0.030605,0.052068,-0.012874,-0.021846,-0.008975,139.308398,141.026696,130.557379,-0.146049,-0.201318,-0.574253,-0.136149,-0.196916,-0.549258,0.316409,145.064905,142.280198,131.901719,-0.082120,-0.143349,-0.393037,-0.073410,-0.135569,-0.373454,0.524896
267,1777725172.704517,156.622880,144.558080,134.714080,0.080773,-0.054493,0.011428,0.086384,-0.034675,0.014167,-0.014020,139.787449,141.416759,131.568039,-0.107708,-0.297153,-0.652047,-0.115874,-0.314437,-0.677495,0.456044,145.399259,142.463866,132.616719,-0.044881,-0.216267,-0.430889,-0.048454,-0.221183,-0.446941,0.315029
268,1777725172.716495,156.622880,144.558080,134.714080,0.129663,-0.040776,0.068236,0.126812,-0.028825,0.063405,-0.052909,139.787449,141.416759,131.568039,-0.083560,-0.410371,-0.737828,-0.098172,-0.419461,-0.755541,0.488964,145.399259,142.463866,132.616719,-0.012486,-0.287173,-0.469140,-0.023177,-0.289249,-0.482559,0.131480
269,1777725172.766197,156.969803,144.894475,134.864941,0.173560,0.002866,0.120112,0.154823,-0.002537,0.107711,-0.107233,139.628574,140.684045,130.325295,-0.083091,-0.526365,-0.813744,-0.089230,-0.501277,-0.765482,0.461162,145.408984,142.087522,131.838511,0.002460,-0.349955,-0.502459,-0.007879,-0.335030,-0.474417,-0.016917
270,1777725172.811014,156.969803,144.894475,134.864941,0.182108,0.044866,0.146041,0.162934,0.026764,0.135176,-0.140818,139.628574,140.684045,130.325295,-0.091820,-0.587607,-0.776855,-0.094177,-0.561990,-0.720714,0.388044,145.408984,142.087522,131.838511,-0.000510,-0.376783,-0.469223,-0.008474,-0.365738,-0.435417,-0.142803
271,1777725172.877172,156.460829,144.824885,134.538018,0.155185,0.068127,0.141904,0.154932,0.051328,0.140494,-0.114014,139.644420,141.618650,132.210326,-0.100630,-0.593737,-0.632982,-0.103806,-0.607663,-0.646100,0.284294,145.249890,142.687395,132.986224,-0.015358,-0.373116,-0.374687,-0.017560,-0.388000,-0.383902,-0.247192
272,1777725172.896043,156.460829,144.824885,134.538018,0.122851,0.070216,0.120410,0.143529,0.077120,0.124453,0.026917,139.644420,141.618650,132.210326,-0.105968,-0.601142,-0.496800,-0.097735,-0.644307,-0.571428,0.159250,145.249890,142.687395,132.986224,-0.029695,-0.377356,-0.291063,-0.017314,-0.403832,-0.339467,-0.333570
273,1777725172.924494,156.206240,144.163200,134.376160,0.105178,0.069890,0.087897,0.132948,0.105313,0.089781,0.308077,139.348443,141.529848,132.570727,-0.092579,-0.625570,-0.424055,-0.066920,-0.660981,-0.501675,0.028184,144.967708,142.407632,133.172538,-0.026660,-0.393750,-0.253405,-0.000297,-0.405550,-0.304523,-0.397929
274,1777725172.951899,156.206240,144.163200,134.376160,0.111896,0.106545,0.044292,0.112485,0.124700,0.039114,0.642955,139.348443,141.529848,132.570727,-0.033903,-0.641625,-0.410920,-0.018806,-0.623841,-0.400958,-0.077232,144.967708,142.407632,133.172538,0.014697,-0.392235,-0.259182,0.024957,-0.374327,-0.254268,-0.421138
275,1777725172.977078,157.004132,145.239669,134.240358,0.113852,0.156182,-0.011700,0.069467,0.120634,-0.023011,0.901531,140.240588,140.439118,130.403725,0.053703,-0.584091,-0.358946,0.034592,-0.499127,-0.226520,-0.132255,145.828436,142.039302,131.682603,0.073753,-0.337333,-0.243197,0.046217,-0.292540,-0.158684,-0.391282
276,1777725173.008703,157.004132,145.239669,134.240358,0.043798,0.131849,-0.082262,0.000427,0.082848,-0.088274,1.000000,140.240588,140.439118,130.403725,0.111023,-0.349695,-0.077995,0.082424,-0.275498,0.037127,-0.133184,145.828436,142.039302,131.682603,0.088614,-0.189180,-0.079417,0.055092,-0.156049,-0.004673,-0.315090
277,1777725173.039868,155.619524,144.170000,133.650159,-0.086607,0.023963,-0.152909,-0.079700,0.012049,-0.142553,0.904090,139.846411,143.065115,134.517496,0.125093,0.031654,0.394591,0.118392,0.020760,0.362077,-0.090080,145.104115,143.433410,134.228384,0.054526,0.029090,0.212091,0.052361,0.017856,0.193867,-0.209724
278,1777725173.067181,155.619524,144.170000,133.650159,-0.186637,-0.099240,-0.192407,-0.140603,-0.075990,-0.170005,0.631521,139.846411,143.065115,134.517496,0.129168,0.396074,0.793075,0.144000,0.332031,0.684738,-0.022412,145.104115,143.433410,134.228384,0.023900,0.230969,0.464581,0.049132,0.196024,0.399824,-0.098008
279,1777725173.106681,155.396063,143.636850,133.585197,-0.207134,-0.188339,-0.188024,-0.155573,-0.151478,-0.166532,0.254875,139.754419,143.600649,134.393218,0.145158,0.654307,1.001826,0.166377,0.594282,0.927717,0.044834,144.968300,143.612716,134.123878,0.027727,0.373425,0.605209,0.059060,0.345695,0.562967,-0.004343
280,1777725173.125517,155.396063,143.636850,133.585197,-0.141217,-0.213278,-0.145616,-0.118421,-0.186136,-0.143816,-0.095342,139.754419,143.600649,134.393218,0.182965,0.791720,1.055832,0.190618,0.763509,1.036081,0.085976,144.968300,143.612716,134.123878,0.074904,0.456721,0.655349,0.087605,0.446961,0.642782,0.050057
281,1777725173.172891,156.545918,144.160961,134.177090,-0.031885,-0.182127,-0.094172,-0.056673,-0.180134,-0.120216,-0.320191,140.303263,142.918136,133.566204,0.228042,0.835866,1.012456,0.212885,0.847342,1.032370,0.092922,145.717482,143.332411,133.769833,0.141400,0.496535,0.643580,0.123032,0.504850,0.648175,0.062928
282,1777725173.201609,156.545918,144.160961,134.177090,0.028762,-0.140675,-0.085278,-0.018498,-0.159474,-0.111834,-0.433030,140.303263,142.918136,133.566204,0.241544,0.854716,0.949403,0.224271,0.892370,0.995553,0.079977,145.717482,143.332411,133.769833,0.170617,0.522919,0.604510,0.143348,0.541755,0.626424,0.052801
283,1777725173.231429,156.275675,144.364055,133.527650,0.000765,-0.122301,-0.124470,-0.037755,-0.150817,-0.125778,-0.473693,139.909158,142.901001,133.321654,0.217467,0.887395,0.917071,0.218020,0.930641,0.974520,0.058446,145.364664,143.388686,133.390319,0.145233,0.550830,0.569891,0.132762,0.570155,0.607754,0.034593
284,1777725173.243988,156.275675,144.364055,133.527650,-0.102967,-0.147307,-0.171140,-0.119679,-0.168955,-0.158694,-0.458650,139.909158,142.901001,133.321654,0.182724,0.942920,0.937541,0.191774,0.962908,0.967510,0.030762,145.364664,143.388686,133.390319,0.087494,0.579511,0.567981,0.087956,0.585620,0.592109,0.014317
285,1777725173.318208,155.379040,143.772640,133.500960,-0.245067,-0.205615,-0.205738,-0.234751,-0.206175,-0.198306,-0.405838,139.969689,143.949017,134.688079,0.146827,0.985489,0.967588,0.148631,0.960469,0.936356,-0.002151,145.106139,143.890225,134.292373,0.016196,0.588454,0.576479,0.020837,0.571588,0.558135,0.002708
286,1777725173.369253,155.379040,143.772640,133.500960,-0.364050,-0.256887,-0.230005,-0.331267,-0.236311,-0.229774,-0.332396,139.969689,143.949017,134.688079,0.101858,0.935117,0.899777,0.094525,0.879490,0.825699,-0.036296,145.106139,143.890225,134.292373,-0.053445,0.537782,0.523183,-0.047406,0.507557,0.473875,0.012777
287,1777725173.400026,155.045920,143.484960,133.483840,-0.417415,-0.270339,-0.244866,-0.375506,-0.239098,-0.247137,-0.252046,139.874861,143.577401,134.214868,0.044648,0.758033,0.688096,0.035114,0.703722,0.616223,-0.060843,144.931881,143.546587,133.971192,-0.109373,0.415242,0.377109,-0.101759,0.389449,0.328436,0.044047
288,1777725173.428073,155.045920,143.484960,133.483840,-0.382021,-0.225263,-0.250230,-0.364159,-0.210375,-0.252042,-0.173553,139.874861,143.577401,134.214868,-0.022813,0.468009,0.349759,-0.022683,0.457776,0.341747,-0.068043,144.931881,143.546587,133.971192,-0.142549,0.236918,0.149762,-0.136508,0.235059,0.143817,0.083569
289,1777725173.454357,156.124772,144.304961,133.439522,-0.284562,-0.140132,-0.243584,-0.310725,-0.158239,-0.243740,-0.103234,139.429470,141.579108,131.577202,-0.086083,0.134575,-0.022242,-0.071269,0.188028,0.060261,-0.058129,144.994571,142.487726,132.197975,-0.152243,0.043006,-0.096023,-0.151088,0.072606,-0.041073,0.116824
290,1777725173.483155,156.124772,144.304961,133.439522,-0.201047,-0.072383,-0.220025,-0.234669,-0.096642,-0.218220,-0.046867,139.429470,141.579108,131.577202,-0.118212,-0.116927,-0.259418,-0.105625,-0.057812,-0.174715,-0.035652,144.994571,142.487726,132.197975,-0.145824,-0.102079,-0.246287,-0.148639,-0.070755,-0.189216,0.131428
291,1777725173.512995,155.590080,143.931840,133.442560,-0.147677,-0.035520,-0.175099,-0.148716,-0.037307,-0.169506,-0.006825,139.733871,142.260938,133.000927,-0.119207,-0.259809,-0.341483,-0.123248,-0.252912,-0.341317,-0.007834,145.019274,142.817905,133.148138,-0.128697,-0.185046,-0.286022,-0.131737,-0.181044,-0.284047,0.119811
292,1777725173.541440,155.590080,143.931840,133.442560,-0.080963,0.000796,-0.105097,-0.055128,0.014091,-0.092312,0.018255,139.733871,142.260938,133.000927,-0.115811,-0.365021,-0.395260,-0.124028,-0.395972,-0.452131,0.016700,145.019274,142.817905,133.148138,-0.104195,-0.243082,-0.298539,-0.101061,-0.259284,-0.332191,0.081945
293,1777725173.570652,155.761920,144.086080,133.564960,0.018109,0.048414,-0.010043,0.046194,0.059224,0.007466,0.031329,139.506211,141.953745,132.586578,-0.115125,-0.467582,-0.480586,-0.113449,-0.498928,-0.531907,0.029677,144.924780,142.664523,132.912705,-0.070713,-0.295584,-0.323738,-0.060235,-0.312877,-0.352116,0.030674
294,1777725173.595719,155.761920,144.086080,133.564960,0.143059,0.100089,0.105817,0.148399,0.101584,0.110779,0.036077,139.506211,141.953745,132.586578,-0.104423,-0.564827,-0.588215,-0.100267,-0.571454,-0.594468,0.030062,144.924780,142.664523,132.912705,-0.021929,-0.343188,-0.356871,-0.017379,-0.347108,-0.359385,-0.015988
295,1777725173.631516,156.705892,144.382488,134.349243,0.259069,0.143061,0.214161,0.231251,0.135256,0.193170,0.036138,139.662134,141.007971,131.171699,-0.084104,-0.628219,-0.669267,-0.088093,-0.601375,-0.621170,0.024822,145.343387,142.132810,132.230880,0.030287,-0.371126,-0.374791,0.018355,-0.355831,-0.349723,-0.050633
296,1777725173.658311,156.705892,144.382488,134.349243,0.303100,0.159057,0.262593,0.248831,0.136451,0.214563,0.031354,139.662134,141.007971,131.171699,-0.067746,-0.603494,-0.635882,-0.068816,-0.532489,-0.549897,0.018008,145.343387,142.132810,132.230880,0.055869,-0.349310,-0.336390,0.037066,-0.309509,-0.295077,-0.062627
297,1777725173.710307,156.257440,144.340480,134.090880,0.261885,0.141606,0.236017,0.225417,0.120247,0.198839,0.026299,139.510660,141.357712,132.037912,-0.057288,-0.480568,-0.479909,-0.050859,-0.420423,-0.427067,0.011305,145.092920,142.351968,132.722235,0.049103,-0.273176,-0.241267,0.041233,-0.240200,-0.218432,-0.063716
298,1777725173.721954,156.257440,144.340480,134.090880,0.172008,0.096119,0.156733,0.190342,0.102262,0.172263,0.022174,139.510660,141.357712,132.037912,-0.043082,-0.294006,-0.273380,-0.039976,-0.322042,-0.313335,0.006470,145.092920,142.351968,132.722235,0.028614,-0.163965,-0.130009,0.036797,-0.180607,-0.151469,-0.061512
299,1777725173.775105,156.086349,144.138095,133.650952,0.059732,0.033513,0.053350,0.173740,0.094582,0.159489,0.020428,139.407468,142.205177,132.814123,-0.016904,-0.094517,-0.083190,-0.036724,-0.282797,-0.266501,0.004717,144.967095,142.849483,133.093066,0.008641,-0.051840,-0.037677,0.033431,-0.157004,-0.124504,-0.060309
